id,name,alias,name_en,category,kcal,protein,fat,carb,sodium
A0100101,大麥仁,"小薏仁,洋薏仁,珍珠薏仁",Barley,穀物類,365.0,8.6,1.6,77.1,13.0
A0110101,大麥片,,Barley flake; Barley chip,穀物類,365.0,8.6,1.8,76.7,7.0
A0120101,大麥仁粉,"小薏仁粉,洋薏仁粉,珍珠薏仁粉",,穀物類,389.0,7.1,1.3,85.0,10.0
A0200101,小米,,Foxtail-millet; Millet,穀物類,370.0,11.3,3.7,71.7,1.0
A0200201,糯小米,,Glutinous foxtail-millet; Glutinous millet,穀物類,360.0,12.5,1.5,72.5,1.0
A0300101,小麥,,Wheat,穀物類,362.0,14.1,2.6,69.2,1.0
A0310101,小麥胚芽,,Wheat germ,穀物類,417.0,31.4,11.6,47.9,3.0
A0320101,去筋麵粉,澄粉,Non-glutinous flour,穀物類,355.0,0.2,0.1,85.7,29.0
A0320202,低筋麵粉,,Low-gluten flour; Cake flour; Patent flour,穀物類,364.0,8.1,1.2,78.2,1.0
A0320301,中筋麵粉,,Medium-gluten flour; Wheat flour: medium protein,穀物類,361.0,11.5,1.3,74.1,4.0
A0320404,高筋麵粉,,High-gluten flour; Seat of honor flour,穀物類,362.0,12.9,1.2,73.1,1.0
A0320405,高筋麵粉(2021年取樣),強力粉,High-gluten flour,穀物類,362.0,13.8,1.3,72.2,1.0
A0320505,全麥麵粉,,Whole wheat flour,穀物類,359.0,13.0,1.7,71.4,2.0
A0320601,雜糧中筋麵粉,,,穀物類,361.0,13.1,2.3,72.0,2.0
A0320702,雜糧高筋麵粉,,,穀物類,360.0,14.3,2.8,69.6,2.0
A0400101,白玉米,,White corn,穀物類,66.0,3.4,0.6,11.5,5.0
A0400201,紫玉米,,Corn; Maize,穀物類,168.0,4.5,1.0,34.4,1.0
A0400301,甜玉米,"玉米,黃玉米",Corn; Maize; Sweat corn,穀物類,107.0,3.3,2.5,17.8,2.0
A0400401,雙色水果玉米,"玉米,黃玉米",Corn; Maize; Sweat corn (Organic),穀物類,105.0,3.1,2.6,17.5,0.0
A0400501,糯玉米,,Corn; Maize,穀物類,172.0,4.7,1.9,33.4,1.0
A0400601,冷凍玉米粒,,Corn kernal; Maize kernal; Sweat whole kernal corn,穀物類,174.0,3.1,8.2,22.5,8.0
A0410101,乾玉米粒,,Corn kernal; Maize kernal; for popcorn,穀物類,373.0,10.9,3.9,72.2,1.0
A0410201,玉米胚芽,"玉米仁,珍珠米",Corn germ,穀物類,366.0,7.0,0.9,80.3,1.0
A0420101,玉米粉,,Corn starch; Maize starch,穀物類,369.0,0.3,0.4,88.3,14.0
A05001,秈米平均值,"在來米,長米",Long grain rice,穀物類,357.0,7.8,0.9,77.4,2.0
A0500101,秈米(台中在來2號),"在來米,長米",Long grain rice,穀物類,355.0,8.2,1.0,76.3,2.0
A0500102,秈米(台中秈10號),"在來米,長米","Long grain rice,Taichung Sen No. 10",穀物類,358.0,7.4,0.7,78.5,2.0
A0500103,秈米(台中秈10號)(2024年取樣),"在來米,長米","Long grain rice,Taichung Sen No. 10",穀物類,357.0,6.1,0.6,79.8,0.0
A05002,稉米平均值,"蓬萊米,圓米",Short grain rice,穀物類,354.0,7.0,0.7,77.8,2.0
A0500201,稉米(台中189號),"蓬萊米,圓米",Short grain rice,穀物類,356.0,7.5,0.6,78.1,3.0
A0500202,稉米(台南11號),"蓬萊米,圓米",Short grain rice,穀物類,348.0,6.7,0.5,77.2,2.0
A0500203,稉米(台稉2號),"蓬萊米,圓米",Short grain rice,穀物類,357.0,7.2,0.5,78.7,2.0
A0500204,稉米(台稉8號),"蓬萊米,圓米",Short grain rice,穀物類,355.0,6.9,0.4,78.8,2.0
A0500205,稉米(台稉9號),"蓬萊米,圓米",Short grain rice,穀物類,353.0,6.6,0.6,78.2,2.0
A0500206,稉米(台農71號),"蓬萊米,圓米,益全香米",Short grain rice: Yih-Chuan aromatic rice,穀物類,357.0,7.9,0.6,77.8,2.0
A0500207,稉米(高雄139號),"蓬萊米,圓米",Short grain rice,穀物類,357.0,6.1,1.2,78.5,2.0
A0500208,稉米(高雄142號),"蓬萊米,圓米",Short grain rice,穀物類,353.0,7.0,0.6,77.7,4.0
A0500209,稉米(高雄145號),,Short grain rice,穀物類,364.0,6.8,1.0,80.0,1.0
A0500210,稉米(高雄139號)(2021年取樣),"蓬萊米,圓米",Rice (Kaohsiung 139),穀物類,352.0,5.7,0.5,79.2,1.0
A0500301,越光米,"蓬萊米,圓米",Rice Tainan 16,穀物類,340.0,7.6,1.0,73.3,1.0
A0500302,越光米(台南16號)(2024年取樣),"蓬萊米,圓米",Rice Tainan 16,穀物類,356.0,6.9,0.3,79.1,1.0
A0500401,秈型糯米(台中糯70號),長糯米,White glutinous rice: long-grain,穀物類,361.0,7.9,0.9,78.4,1.0
A05005,稉型糯米平均值,圓糯米,"White glutinous rice, short-grain",穀物類,358.0,8.3,0.8,77.4,3.0
A0500501,稉型糯米,圓糯米,"White glutinous rice, short-grain",穀物類,359.0,8.4,0.5,78.0,2.0
A0500502,稉型糯米(台稉糯1號),圓糯米,"White glutinous rice, short-grain",穀物類,358.0,8.2,1.1,76.8,4.0
A0500601,野生紅米,,Red rice,穀物類,360.0,7.7,2.6,74.7,8.0
A0500701,紅糯糙米,,Red glutinous rice,穀物類,362.0,9.9,2.8,72.6,1.0
A0500801,黑秈糯糙米,"黑糯米,紫糯米,紫米,貢米,長生米","Black glutinous rice, long-grain",穀物類,357.0,10.1,3.5,70.1,3.0
A0500901,胚芽秈米(台中秈10號),,Germ rice; Rice with germ; Milled rice with embryo,穀物類,363.0,8.3,2.1,76.1,2.0
A05010,胚芽稉米平均值,,Germ rice; Rice with germ; Milled rice with embryo,穀物類,362.0,8.2,1.6,76.8,1.0
A0501001,胚芽稉米(台稉10號）,,Germ rice; Rice with germ; Milled rice with embryo,穀物類,360.0,7.3,1.7,77.2,1.0
A0501002,胚芽稉米(台稉9號),,Germ rice; Rice with germ; Milled rice with embryo,穀物類,363.0,9.1,1.5,76.5,2.0
A05011,發芽稉米平均值,發芽糙米,Sprout rice,穀物類,355.0,7.8,2.3,74.0,3.0
A0501103,發芽稉米(台稉71號),"發芽糙米,益全香米發芽米",Sprout rice,穀物類,357.0,7.4,2.8,73.9,3.0
A0501104,發芽稉米(台稉9號）,發芽糙米,Sprout rice,穀物類,353.0,8.2,1.9,74.1,3.0
A0501201,糙秈米,糙米,Brown rice,穀物類,359.0,7.3,3.2,73.6,4.0
A05013,糙稉米平均值,糙米,Brown rice,穀物類,364.0,7.4,2.3,76.6,3.0
A0501301,糙稉米(台稉71號),益全香米糙米,Brown rice,穀物類,360.0,9.0,2.6,73.6,3.0
A0501302,糙稉米(台稉9號),糙米,Brown rice,穀物類,364.0,7.4,2.3,76.6,3.0
A0501401,黑秈糙米,黑米,black kerneled rice,穀物類,363.0,7.5,3.5,74.0,1.0
A0510101,加鈣米,,Short grain rice: calcium enriched,穀物類,355.0,7.4,0.7,77.7,8.0
A0510201,高纖米,高纖蓬萊米,Short grain rice,穀物類,363.0,8.3,2.5,75.2,3.0
A0510301,五穀米,,,穀物類,358.0,8.7,2.9,72.9,2.0
A0510401,米胚芽,,Rice germ,穀物類,391.0,17.0,12.7,52.9,5.0
A0520201,秈米粉,在來米粉,Long-grain rice powder,穀物類,363.0,4.2,0.4,83.4,10.0
A0520301,糙米粉,,Brown rice powder,穀物類,393.0,11.3,3.2,78.1,6.0
A0520401,白糯米粉,,White- glutinous rice powder,穀物類,360.0,4.5,0.4,82.3,16.0
A0550601,白飯,,Cooked rice,穀物類,183.0,3.1,0.3,41.0,2.0
A0600101,高梁,,Sorghum; Kao-lian,穀物類,372.0,11.0,3.0,73.6,3.0
A0600201,糯高梁,,Sorghum: glutinous; Kao-lian: glutinous,穀物類,362.0,10.7,1.0,75.7,0.0
A0710101,黑麥片,,Rye,穀物類,359.0,7.8,1.2,77.3,1.0
A0800101,燕麥,,Oat,穀物類,406.0,10.9,10.2,67.4,4.0
A0810101,燕麥片,,Oatmeal,穀物類,393.0,12.3,9.7,64.1,3.0
A0810201,即食燕麥片,,Instant oatmeal,穀物類,406.0,11.9,9.6,67.9,3.0
A0900101,蕎麥(甜蕎),三角米,Buckwheat,穀物類,361.0,11.0,2.9,71.3,2.0
A1000101,薏仁,"薏仁,薏苡仁",Adlay; Job's tears,穀物類,378.0,14.1,6.1,66.2,2.0
A1000201,糙薏仁,紅薏仁,Adlay; Job's tears,穀物類,387.0,13.7,7.4,65.9,1.0
A1020101,薏仁粉,,Adlay powder; Job's tears powder,穀物類,395.0,10.9,3.5,80.0,11.0
A1100101,紅藜麥,,Red quinoa,穀物類,379.0,12.1,6.7,66.8,2.0
A1100201,台灣藜(紅)(帶殼),"藜,赤藜,紫藜,紅心藜,紅藜,食用藜",Red Quinoa,穀物類,386.0,14.9,8.5,62.3,1.0
B0100101,淮山,"山芋,山薯,田薯,薯蕷,長薯;淮山(加工後)",Chinese yam,澱粉類,363.0,5.3,0.3,82.4,11.0
B01002,山藥平均值,"山芋,山薯,田薯,薯蕷,長薯;淮山(加工後)",Chinese yam,澱粉類,85.0,2.8,0.1,17.8,4.0
B0100201,山藥(二刺),"山芋,山薯,田薯,薯蕷,長薯;淮山(加工後)",Chinese yam: Ell-Tsyh,澱粉類,89.0,2.7,0.1,18.9,2.0
B0100202,山藥(大汕1號),"山芋,山薯,田薯,薯蕷,長薯;淮山(加工後)",Chinese yam: Da-Shan 1,澱粉類,80.0,2.4,0.1,17.0,4.0
B0100203,山藥(大汕3號),"山芋,山薯,田薯,薯蕷,長薯;淮山(加工後)",Chinese yam: Da-Shen 3,澱粉類,73.0,2.6,0.1,15.0,2.0
B0100204,山藥(大刺),"山芋,山薯,田薯,薯蕷,長薯;淮山(加工後)",Chinese yam: Da-Tsyh,澱粉類,85.0,3.5,0.1,17.1,8.0
B0100205,山藥(中國長品),"山芋,山薯,田薯,薯蕷,長薯;淮山(加工後)",Chinese yam: Tong-Gwo-Taang-Piin,澱粉類,74.0,2.5,0.1,15.5,1.0
B0100206,山藥(台農1號),"山芋,山薯,田薯,薯蕷,長薯;淮山(加工後)",Chinese yam: TNu 1,澱粉類,93.0,2.6,0.1,19.9,1.0
B0100207,山藥(台農2號),"山芋,山薯,田薯,薯蕷,長薯;淮山(加工後)",Chinese yam: TNu 2,澱粉類,95.0,3.2,0.1,19.9,14.0
B0100208,山藥(白皮削),"山芋,山薯,田薯,薯蕷,長薯;淮山(加工後)",Chinese yam: Bair-Pyi-Shiau,澱粉類,75.0,2.5,0.1,15.7,2.0
B0100209,山藥(尖石原生種),"山芋,山薯,田薯,薯蕷,長薯;淮山(加工後)",Chinese yam: Jian-Shyr,澱粉類,65.0,3.1,0.1,12.4,3.0
B0100210,山藥(宜蘭原生種),"山芋,山薯,田薯,薯蕷,長薯;淮山(加工後)",Chinese yam: Yi-Lan,澱粉類,140.0,4.8,0.2,29.1,4.0
B0100211,山藥(花蓮3號),"山芋,山薯,田薯,薯蕷,長薯;淮山(加工後)",Chinese yam: Hua-Lian 3,澱粉類,93.0,1.7,0.1,20.9,6.0
B0100212,山藥(青森),"山芋,山薯,田薯,薯蕷,長薯;淮山(加工後)",Chinese yam: Ching-Sen,澱粉類,94.0,2.6,0.2,19.9,4.0
B0100213,山藥(高田),"山芋,山薯,田薯,薯蕷,長薯;淮山(加工後)",Chinese yam: Gau-Tyan,澱粉類,71.0,3.1,0.1,14.0,4.0
B0100214,山藥(白肉),日本山藥,,澱粉類,69.0,2.1,0.1,14.4,1.0
B0200301,紫山藥,"山薯,田薯,薯蕷,長薯,血薯;淮山(加工後)",Chinese yam: Horng-Shuu,澱粉類,92.0,2.8,0.1,19.6,3.0
B0320101,木薯粉,樹薯粉,Cassava starch; Tapioca,澱粉類,362.0,0.1,0.2,87.3,1.0
B0400101,白皮甘藷,"甘薯,番薯,甜薯,地瓜,田薯,土薯,白薯",Sweet potato,澱粉類,119.0,1.3,0.1,27.5,73.0
B0400201,菱角牛奶甘藷,"甘薯,番薯,甜薯,地瓜,田薯,土薯,白薯",Sweet potato,澱粉類,133.0,1.9,0.3,29.9,85.0
B0400301,芋心甘藷,"甘薯,番薯,甜薯,地瓜,田薯,土薯,紅薯,紫心甘薯,芋頭(仔)番薯",Sweet potato,澱粉類,122.0,1.1,0.1,28.5,87.0
B0400401,紅肉甘藷,"甘薯,番薯,甜薯,地瓜,田薯,土薯",Sweet potato,澱粉類,114.0,1.8,0.2,25.4,42.0
B0400501,金時甘藷,"甘薯,番薯,甜薯,地瓜,田薯,土薯",Sweet potato,澱粉類,138.0,1.6,0.4,31.3,45.0
B0400601,黃肉甘藷,"甘薯,番薯,甜薯,地瓜,田薯,土薯",Sweet potato,澱粉類,121.0,1.3,0.2,27.8,51.0
B0420101,甘藷粉,"甘薯粉,蕃薯粉,甜薯粉,地瓜粉",Sweet potato starch,澱粉類,358.0,1.0,0.2,85.5,19.0
B0450101,油炸脫水甘藷,,"Sweet potato: fried, dried",澱粉類,525.0,2.3,30.1,61.2,305.0
B0500101,芋頭,"芋頭,芋艿,芋乃,芋仔,青芋,土芝",Taro; Dasheen; Cocoyam; Eddoe,澱粉類,128.0,2.5,1.1,26.4,5.0
B0500201,小芋頭(山芋),"芋頭,芋艿,芋乃,芋仔,青芋,土芝",Taro; Dasheen; Cocoyam; Eddoe,澱粉類,113.0,2.3,1.2,22.8,5.0
B0500301,檳榔心芋,"芋頭,芋艿,芋乃,芋仔,青芋,土芝",Taro; Dasheen;Cocoyam; Eddoe,澱粉類,121.0,1.3,0.0,28.1,2.0
B0500302,檳榔心芋(2021年取樣),"芋頭,芋艿,芋乃,芋仔,青芋,土芝",Taro,澱粉類,107.0,1.1,0.0,24.8,0.0
B0500401,冷凍芋頭塊,,"Taro: Frozen, chunk",澱粉類,147.0,2.2,4.3,24.9,15.0
B0520101,芋頭粉,,Taro starch;Dasheen starch;  Cocoyam starch,澱粉類,333.0,0.1,0.0,83.1,34.0
B0600101,豆薯,"刈薯,涼薯,葛薯,沙葛,地瓜,三角薯",Jicama; Yam bean,澱粉類,31.0,0.7,0.1,6.8,4.0
B0700101,紅馬鈴薯(粉紅珍珠馬鈴薯),"洋芋,洋薯,洋山芋,荷蘭薯,日本番薯,塊茄",Potato; White potato; Irish potato,澱粉類,66.0,1.6,0.0,14.4,2.0
B0700201,馬鈴薯,"洋芋,洋薯,洋山芋,荷蘭薯,日本番薯,塊茄",Potato; White potato; Irish potato,澱粉類,77.0,2.6,0.2,15.8,3.0
B0700202,馬鈴薯(2022年取樣),"洋芋,洋薯,洋山芋,荷蘭薯,日本番薯,塊茄",Potato; White potato; Irish potato,澱粉類,70.0,2.3,0.0,14.9,2.0
B0700301,小馬鈴薯(珍珠馬鈴薯),"洋芋,洋薯,洋山芋,荷蘭薯,日本番薯,塊茄",Potato; White potato; Irish potato,澱粉類,59.0,1.7,0.0,12.8,7.0
B0720101,馬鈴薯粉,太白粉,Potato starch; Tapioca,澱粉類,346.0,0.1,0.1,83.8,8.0
B0800101,荸薺,"水栗,地栗,馬蹄,馬薯,烏芋,水燈心草,海蔥仔,水蔥仔",Chinese water chestnut; Water chestnut,澱粉類,67.0,1.7,0.1,14.5,21.0
B0820101,荸薺粉,"水栗粉,地栗粉,馬蹄粉,馬薯粉,烏芋粉,水燈心草粉,海蔥仔粉,水蔥仔粉",Chinese water chestnut starch,澱粉類,365.0,0.4,0.2,87.8,4.0
B0900101,蓮藕,"蓮根,藕,芙蕖,荷花藕",Lotus root; Indian lotus tuber; East Indian lotus,澱粉類,65.0,2.0,0.2,13.5,16.0
B0900201,熟蓮藕,"蓮根,藕,芙蕖,荷花藕",Lotus root; Indian lotus tuber;East Indian lotus,澱粉類,50.0,1.1,0.1,11.0,29.0
B0900202,熟蓮藕切片(水煮),"蓮根,藕,芙蕖,荷花藕",Lotus root; Indian lotus tuber;East Indian lotus,澱粉類,73.0,0.8,0.0,16.9,77.0
B0920101,蓮藕粉,,East indian lotus starch,澱粉類,365.0,0.1,0.1,88.3,5.0
B1000101,菱角(生),"菱,芰,龍角,羊家,紅菱",Water singharnut; Water caltrops; Water chestnut,澱粉類,76.0,1.9,0.3,16.1,21.0
B1000201,菱角仁(生),,,澱粉類,118.0,4.1,0.3,24.1,15.0
B1000301,菱角(熟),"菱,芰,龍角,羊家,紅菱",Water singharnut; Water caltrops; Water chestnut,澱粉類,146.0,4.2,0.3,31.0,16.0
B9900201,蒟蒻粉,,,澱粉類,351.0,0.2,0.2,87.2,13.0
C0105101,甘扁桃仁片(生),杏仁片(生),Almond Slices (Raw),堅果及種子類,564.0,27.3,47.8,17.0,20.0
C0110101,甘扁桃仁片(熟),杏仁片(熟),Almond Slices  (Cooked),堅果及種子類,618.0,23.4,56.9,14.8,73.0
C0110201,甘扁桃仁(熟),杏仁果(熟),Almonds (Cooked),堅果及種子類,588.0,21.9,49.8,23.2,1.0
C0205101,松子仁(生),,Pine-seed: raw,堅果及種子類,678.0,16.6,69.5,9.4,4.0
C0210101,原味松子仁,,Pine-seed,堅果及種子類,680.0,14.5,69.0,13.0,1.0
C0310101,原味夏威夷豆,夏威夷火山豆,Hawaii nut; Macadamia nut,堅果及種子類,700.0,7.5,71.6,18.2,1.0
C0405101,生核桃,,Walnut: raw,堅果及種子類,667.0,15.4,67.9,11.2,5.0
C0500101,栗子(生),,Chestnut: raw,堅果及種子類,264.0,4.6,1.4,57.9,1.0
C0500202,栗子仁(生),,Chestnut: raw,堅果及種子類,176.0,3.7,0.7,38.7,2.0
C0710101,開心果,,Pistachios,堅果及種子類,601.0,22.4,52.7,20.1,462.0
C0805101,腰果(生),,Cashew nuts: raw,堅果及種子類,568.0,18.3,45.5,30.3,11.0
C0810101,原味腰果,,Cashew nuts,堅果及種子類,566.0,16.4,43.7,35.2,10.0
C0905101,原味榛果,,,堅果及種子類,672.0,13.0,66.5,17.2,1.0
C1005101,山粉圓,,,堅果及種子類,400.0,16.3,12.8,58.0,5.0
C1305101,亞麻仁籽,,Flex seed,堅果及種子類,524.0,20.8,40.3,28.1,46.0
C1320101,亞麻仁籽粉,,Flex seed powder,堅果及種子類,557.0,21.7,43.6,28.6,16.0
C1410101,咖啡豆(曼特寧),,Coffee bean: Mandeling,堅果及種子類,437.0,13.9,14.9,65.1,2.0
C1505101,奇亞子,,Chia seed,堅果及種子類,483.0,21.7,31.8,34.8,0.0
C1605101,白芝麻(生),,White seasame seed,堅果及種子類,598.0,22.3,54.9,15.0,39.0
C1605102,黑芝麻(生),,Black seasame seed,堅果及種子類,551.0,22.2,48.1,17.6,2.0
C1610101,白芝麻(熟),,Sesame: white,堅果及種子類,626.0,20.3,58.7,15.7,24.0
C1610102,白芝麻(熟)2022年取樣),,Sesame: white,堅果及種子類,601.0,21.7,52.4,21.2,18.0
C1610201,黑芝麻(熟),,Sesame: black,堅果及種子類,599.0,17.3,54.4,20.6,2.0
C1610202,黑芝麻(熟)(2022年取樣),,Sesame: black,堅果及種子類,591.0,20.7,51.8,21.1,1.0
C1620101,黑芝麻粉,,Black sesame powder,堅果及種子類,601.0,15.7,55.2,20.8,3.0
C1700101,帶殼花生(生),"土豆,長生果,落花生",Peanut,堅果及種子類,331.0,15.3,27.2,12.2,1.0
C1700201,冷凍帶殼花生(熟),"土豆,長生果,落花生",Peanut,堅果及種子類,344.0,17.2,27.4,13.3,363.0
C1700301,黑金剛花生(生),"花生,土豆,長壽果",Peanut,堅果及種子類,553.0,27.6,46.6,16.6,23.0
C1705101,帶膜花生仁(生)(1995年之前取樣),"土豆,長生果,落花生",Peanut: raw,堅果及種子類,506.0,28.8,38.5,20.6,32.0
C1705201,去膜花生仁(生),"土豆,長生果,落花生",Peanut,堅果及種子類,558.0,28.8,45.4,19.1,2.0
C1705301,帶膜花生仁(生)(2004年取樣),"土豆,長生果,落花生",Raw peanut: dry,堅果及種子類,516.0,23.6,38.1,28.4,13.0
C1710101,紅土帶殼花生(熟),"土豆,長生果,落花生",Peanut,堅果及種子類,555.0,31.2,43.9,19.5,645.0
C1720101,花生粉,,Peanut powder,堅果及種子類,516.0,28.5,33.8,33.0,11.0
C1800101,芡實,"雞頭米,雞頭",,堅果及種子類,343.0,9.9,0.1,75.4,0.0
C2005101,愛玉子,"愛玉,草子仔,草枳子,天拋藤,玉枳,枳子,天拋,風不動",Awkeotsang; Jelly-fig; Moraceae,堅果及種子類,407.0,12.2,12.5,63.7,6.0
C2110101,原味葵瓜子(去殼),,Sunflower seeds,堅果及種子類,586.0,22.0,51.9,18.7,1.0
C2200101,銀杏果,"白果,銀杏核,公孫樹子,鴨腳樹子,靈眼",Gingko nuts; Ginkgo Seed,堅果及種子類,142.0,4.1,1.2,28.9,14.0
C2300101,蓮子,,Lotus nut; Lotus seed,堅果及種子類,141.0,9.3,0.5,25.6,119.0
C2305101,蓮子(乾),,Lotus nut; Lotus seed,堅果及種子類,334.0,21.8,1.2,60.9,305.0
D0100101,山竹,"鳳果,都捻子,倒稔子,羅漢果,莽吉柿,果中之后",Mangosteen; Mangostan,水果類,69.0,0.6,0.3,18.1,3.0
D02001,木瓜平均值,"番木瓜,番瓜",Papaya; Pawpaw,水果類,38.0,0.6,0.1,9.9,3.0
D0200101,木瓜(2月取樣),"番木瓜,番瓜",Papaya; Pawpaw,水果類,31.0,0.7,0.1,7.7,2.0
D0200102,木瓜(5月取樣),"番木瓜,番瓜",Papaya; Pawpaw,水果類,44.0,0.7,0.1,11.3,4.0
D0200103,木瓜(8月取樣),"番木瓜,番瓜",Papaya; Pawpaw,水果類,33.0,0.5,0.0,8.8,3.0
D0200104,木瓜(11月取樣),"番木瓜,番瓜",Papaya; Pawpaw,水果類,44.0,0.4,0.1,11.8,5.0
D0200201,青木瓜,"青番木瓜,青番瓜",Papaya; Pawpaw,水果類,29.0,0.6,0.1,7.2,5.0
D0300101,安石榴,"石榴, 榭榴, 謝榴, 樹榴","Pomegranate, Delima",水果類,67.0,1.7,0.1,16.8,8.0
D0400101,百香果(台農一號),"時計果,西番果",Passion fruit,水果類,102.0,2.0,2.2,21.3,2.0
D0430101,百香果汁,"時計果汁,西番果汁,西番蓮汁,美里瓜汁",Passion fruit juice,水果類,73.0,0.9,0.4,18.6,1.0
D0500101,金黃奇異果,"彌猴桃,猴桃,猴梨,藤梨,毛桃,羊桃,紅藤梨,金桃,楊桃",Kiwi fruit; Chinese gooseberry,水果類,59.0,0.8,0.3,15.0,2.0
D0500201,奇異果,"彌猴桃,猴桃,猴梨,藤梨,毛桃,羊桃,紅藤梨,金桃,楊桃",Kiwi fruit; Chinese gooseberry,水果類,56.0,1.1,0.3,14.0,3.0
D0600101,紅毛丹,"韶子,毛龍眼,毛荔枝",Tanjong Rambutan,水果類,73.0,1.0,0.7,17.9,8.0
D0700101,紅龍果(白肉),"火龍果,仙蜜果",Pitaya; Dragon fruit,水果類,51.0,0.9,0.4,12.4,0.0
D0700201,紅龍果(紅肉),"火龍果,仙蜜果",Pitaya; Dragon fruit,水果類,50.0,1.1,0.2,12.3,0.0
D08001,北蕉平均值,"香蕉,芎蕉,弓蕉,甘蕉",Banana,水果類,85.0,1.5,0.1,22.1,0.0
D0800101,北蕉(2月取樣),"香蕉,芎蕉,弓蕉,甘蕉",Banana,水果類,93.0,1.3,0.0,24.6,0.0
D0800102,北蕉(5月取樣),"香蕉,芎蕉,弓蕉,甘蕉",Banana,水果類,92.0,1.6,0.2,23.7,0.0
D0800103,北蕉(9月取樣),"香蕉,芎蕉,弓蕉,甘蕉",Banana,水果類,65.0,1.3,0.0,16.6,0.0
D0800104,北蕉(11月取樣),"香蕉,芎蕉,弓蕉,甘蕉",Banana,水果類,90.0,1.6,0.1,23.4,0.0
D0800201,"北蕉(0天,綠皮)","香蕉,芎蕉,弓蕉,甘蕉",Banana,水果類,90.0,1.3,0.3,23.3,0.0
D0800301,北蕉(1天),"香蕉,芎蕉,弓蕉,甘蕉",Banana,水果類,87.0,1.4,0.3,22.2,0.0
D0800401,北蕉(3天),"香蕉,芎蕉,弓蕉,甘蕉",Banana,水果類,84.0,1.4,0.3,21.3,0.0
D0800501,北蕉(7天),"香蕉,芎蕉,弓蕉,甘蕉",Banana,水果類,68.0,1.3,0.2,17.1,0.0
D0800601,李林蕉(2007年取樣),"香蕉,芎蕉,弓蕉,甘蕉(牛角蕉,佛手蕉,美人蕉,樹蕉)",,水果類,102.0,1.4,0.3,26.3,0.0
D0800602,李林蕉(2012年取樣),"香蕉,芎蕉,弓蕉,甘蕉(牛角蕉,佛手蕉,美人蕉,樹蕉)",,水果類,111.0,1.5,0.1,29.2,1.0
D0800701,南華蕉,"香蕉,芎蕉,弓蕉,甘蕉(芭蕉)",Plantain,水果類,124.0,1.1,0.1,33.2,0.0
D0800801,紅皮蕉(2004年取樣),"香蕉,芎蕉,弓蕉,甘蕉,蘋果蕉",Banana;,水果類,93.0,1.3,0.3,24.0,0.0
D0800802,紅皮蕉(2012年取樣),"香蕉,芎蕉,弓蕉,甘蕉,蘋果蕉",banana,水果類,98.0,1.3,0.2,25.5,1.0
D0801101,蛋蕉(2023年取樣),"旦蕉, 一口蕉","Banana,Kluai Khai(泰)",水果類,87.0,1.1,0.0,23.3,3.0
D0900101,酪梨(綠皮),"牛油果(梨),黃油果(梨),油梨,鰐(鱷)梨,幸福果,樂天果",Avocado; Aligator-pear; Avocado pear,水果類,65.0,1.6,3.7,7.9,2.0
D0900201,酪梨(室溫存放0天),"牛油果(梨),黃油果(梨),油梨,鰐(鱷)梨,幸福果,樂天果",Avocado; Aligator-pear; Avocado pear,水果類,80.0,1.5,5.9,7.1,0.0
D0900301,酪梨(室溫存放3天),"牛油果(梨),黃油果(梨),油梨,鰐(鱷)梨,幸福果,樂天果",Avocado; Aligator-pear; Avocado pear,水果類,84.0,1.4,6.8,6.3,0.0
D0900401,酪梨(室溫存放6天),"牛油果(梨),黃油果(梨),油梨,鰐(鱷)梨,幸福果,樂天果",Avocado; Aligator-pear; Avocado pear,水果類,92.0,1.5,7.6,6.6,1.0
D1000101,榴槤,"榴蓮,流連,山韶子",Durian,水果類,132.0,2.7,1.9,29.7,2.0
D1100101,開英種1號鳳梨,"旺來,波羅,黃萊,黃梨,王萊(開英種1號,1號仔,突目仔)",Pineapple,水果類,56.0,0.6,0.2,14.5,0.0
D11002,鳳梨平均值(雜交種),"鳳梨,旺來,波羅,黃萊,黃梨,王萊",Pineapple,水果類,53.0,0.7,0.1,13.6,0.0
D1100201,甘蔗鳳梨,"旺來,波羅,黃萊,黃梨,王萊(台農13號,冬蜜鳳梨)",Pineapple,水果類,57.0,0.7,0.1,15.1,0.0
D1100202,甜蜜蜜鳳梨,"旺來,波羅,黃萊,黃梨,王萊(台農16號)",Pineapple,水果類,42.0,1.0,0.1,10.6,0.0
D1100203,金鑽鳳梨,"旺來,波羅,黃萊,黃梨,王萊(台農17號,春蜜鳳梨)",Pineapple,水果類,50.0,0.5,0.1,13.2,1.0
D1100204,牛奶鳳梨,"旺來,波羅,黃萊,黃梨,王萊(台農20號)",Pineapple,水果類,60.0,0.8,0.3,15.4,0.0
D1200101,釋迦,"番荔枝,釋迦果,佛頭果,番梨",Sugar apple; Sweet sop; Custard apple;,水果類,104.0,2.2,0.1,26.6,7.0
D1200201,鳳梨釋迦,"旺來釋迦,奇美釋迦,蜜釋迦",Atemoya; custard apple,水果類,102.0,1.5,0.4,26.0,2.0
D1300101,桑葚,"桑果,桑葚兒",Mulberry,水果類,32.0,1.1,0.4,7.0,1.0
D1330101,桑葚汁,"桑果,桑葚兒",Mulberry juice,水果類,25.0,0.8,0.2,5.9,0.0
D1400101,草莓,,Strawberry,水果類,39.0,1.0,0.2,9.3,7.0
D1500101,土芭樂,"番石榴,芭樂,拔仔,扒仔,朳仔,那拔仔,藍拔",Guava,水果類,39.0,0.7,0.1,10.0,5.0
D15002,芭樂平均值(白肉),"番石榴,芭樂,拔仔,扒仔,朳仔,那拔仔,藍拔",Guava,水果類,40.0,0.7,0.1,10.2,1.0
D1500201,番石榴(珍珠拔)(有機),"牛乳芭樂,牛奶芭樂,芭樂,拔仔,扒仔,朳仔,那拔仔,藍拔",Guavas,水果類,40.0,0.6,0.1,10.4,0.0
D1500202,世紀芭樂,"番石榴,芭樂,拔仔,扒仔,朳仔,那拔仔,藍拔",Guava,水果類,40.0,0.7,0.1,10.3,0.0
D1500203,珍珠芭樂,"番石榴,芭樂,拔仔,扒仔,朳仔,那拔仔,藍拔",Guava,水果類,42.0,0.7,0.2,10.6,0.0
D1500204,泰國芭樂,"番石榴,芭樂,拔仔,扒仔,朳仔,那拔仔,藍拔",Thailand guava,水果類,38.0,0.8,0.1,9.7,5.0
D1500205,無子芭樂,"番石榴,芭樂,拔仔,扒仔,朳仔,那拔仔,藍拔",Guava: seedless,水果類,33.0,0.7,0.0,8.6,0.0
D1500301,紅心芭樂,"番石榴,芭樂,拔仔,扒仔,朳仔,那拔仔,藍拔",Guava,水果類,42.0,0.8,0.1,10.7,1.0
D16001,楊桃平均值,"羊桃,洋桃,陽桃,五稜子,五斂子",Star fruit; Carambola,水果類,32.0,0.5,0.1,8.2,0.0
D1600101,楊桃(2月取樣),"羊桃,洋桃,陽桃,五稜子,五斂子",Star fruit; Carambola,水果類,29.0,0.4,0.1,7.6,0.0
D1600102,楊桃(4月取樣),"羊桃,洋桃,陽桃,五稜子,五斂子",Star fruit; Carambola,水果類,32.0,0.7,0.1,8.1,0.0
D1600103,楊桃(5月取樣),"羊桃,洋桃,陽桃,五稜子,五斂子",Star fruit; Carambola,水果類,34.0,0.6,0.1,8.7,0.0
D1600104,楊桃(9月取樣),"羊桃,洋桃,陽桃,五稜子,五斂子",Star fruit; Carambola,水果類,33.0,0.5,0.0,8.8,0.0
D1600105,楊桃(11月取樣),"羊桃,洋桃,陽桃,五稜子,五斂子",Star fruit; Carambola,水果類,31.0,0.4,0.0,8.0,0.0
D1700101,美國紅葡萄,"蒲桃,蒲萄,草龍珠,蒲陶,葡桃",Grape,水果類,69.0,0.4,0.4,17.7,8.0
D1700201,巨峰葡萄,"蒲桃,蒲萄,草龍珠,蒲陶,葡桃",Grape,水果類,64.0,0.5,0.3,16.6,1.0
D17003,綠葡萄平均值,"葡萄,蒲桃,蒲萄,草龍珠,蒲陶,葡桃",Grape,水果類,58.0,0.5,0.2,15.3,4.0
D1700301,美國綠葡萄,"蒲桃,蒲萄,草龍珠,蒲陶,葡桃(青葡萄,白葡萄)",Grape,水果類,64.0,0.5,0.2,16.8,7.0
D1700302,意大利葡萄,"蒲桃,蒲萄,草龍珠,蒲陶,葡桃",Grape,水果類,52.0,0.5,0.1,13.7,0.0
D1700401,美國紅葡萄(含皮),"蒲桃,蒲萄,草龍珠,蒲陶,葡桃",Grape,水果類,61.0,0.4,0.1,16.3,1.0
D1700501,美國紫葡萄(含皮),"蒲桃,蒲萄,草龍珠,蒲陶,葡桃",Grape,水果類,80.0,0.4,0.0,21.9,1.0
D1700601,美國黑葡萄(含皮),"蒲桃,蒲萄,草龍珠,蒲陶,葡桃",Grape,水果類,63.0,0.6,0.2,16.4,0.0
D1700701,美國綠葡萄(含皮),"蒲桃,蒲萄,草龍珠,蒲陶,葡桃(青葡萄,白葡萄)",Grape,水果類,87.0,0.6,0.4,22.7,1.0
D1700801,無子紅葡萄(含皮),"蒲桃,蒲萄,草龍珠,蒲陶,葡桃",Grape,水果類,72.0,0.5,0.1,19.2,3.0
D1700901,黑美人葡萄(含皮),"蒲桃,蒲萄,草龍珠,蒲陶,葡桃",Grape,水果類,66.0,0.5,0.1,17.4,0.0
D1701001,金香葡萄(含皮),"蒲桃,蒲萄,草龍珠,蒲陶,葡桃",Grape,水果類,60.0,0.6,0.1,16.0,0.0
D1710101,葡萄乾,,Raisin,水果類,306.0,3.2,1.5,78.7,14.0
D18001,蓮霧平均值(粉紅色種),"璉霧,輦霧,洋蒲桃",Wax(Java) apple; Wax gambuor; Wax jumbo;Bell fruit,水果類,39.0,0.4,0.3,10.0,2.0
D1800101,蓮霧(紅寶石),"璉霧,輦霧,洋蒲桃,水蓊",Wax(Java) apple; Wax gambuor; Wax jumbo;Bell fruit,水果類,33.0,0.3,0.3,8.1,2.0
D1800102,蓮霧(黑金剛),"璉霧,輦霧,洋蒲桃,水蓊",Wax(Java) apple; Wax gambuor; Wax jumbo;Bell fruit,水果類,34.0,0.5,0.1,8.8,1.0
D1800103,蓮霧(黑珍珠),"璉霧,輦霧,洋蒲桃,水蓊",Wax(Java) apple; Wax gambuor; Wax jumbo;Bell fruit,水果類,51.0,0.3,0.4,13.0,3.0
D1900101,華寶大西瓜(花蓮),"水瓜,寒瓜,夏瓜",Watermelon,水果類,33.0,0.7,0.1,8.4,1.0
D19002,西瓜平均值(紅肉小瓜),"水瓜,寒瓜,夏瓜",Watermelon,水果類,33.0,0.8,0.1,8.0,1.0
D1900201,皇宮西瓜,"水瓜,寒瓜,夏瓜",Watermelon,水果類,32.0,0.7,0.1,8.1,1.0
D1900202,紅鈴西瓜,"水瓜,寒瓜,夏瓜",Watermelon,水果類,34.0,0.8,0.1,8.5,2.0
D1900203,黑美人西瓜,"水瓜,寒瓜,夏瓜",Watermelon,水果類,36.0,0.9,0.1,9.1,2.0
D1900204,鳳光西瓜,"水瓜,寒瓜,夏瓜",,水果類,27.0,0.7,0.2,6.5,1.0
D1900301,無籽西瓜,"水瓜,寒瓜,夏瓜",Watermelon,水果類,33.0,0.9,0.0,8.2,1.0
D19004,西瓜平均值(黃肉小瓜),"水瓜,寒瓜,夏瓜",Watermelon,水果類,29.0,0.7,0.0,7.3,2.0
D1900401,小玉西瓜,"水瓜,寒瓜,夏瓜",Watermelon,水果類,34.0,0.8,0.1,8.7,2.0
D1900402,金蘭西瓜,"水瓜,寒瓜,夏瓜",Watermelon,水果類,24.0,0.6,0.0,6.0,1.0
D1900501,嘉寶瓜,"水瓜,寒瓜,夏瓜(嘉寶兵瓜)",,水果類,40.0,0.8,0.2,10.0,9.0
D20001,甜瓜平均值(光皮洋香瓜),"甜瓜,甘瓜,果瓜,香瓜,梨仔瓜,澎湖瓜,洋香瓜",Melon; Cantaloupe; Honeydew melon; Maskmelon,水果類,30.0,0.9,0.1,7.2,13.0
D2000101,太陽洋香瓜,"甜瓜,甘瓜,果瓜,香瓜,梨仔瓜,澎湖瓜,洋香瓜",Melon; Honeydew melon;,水果類,32.0,1.2,0.0,7.8,3.0
D2000102,狀元瓜,"甜瓜,甘瓜,果瓜,香瓜,梨仔瓜,澎湖瓜,洋香瓜",Melon; Honeydew melon;,水果類,27.0,0.7,0.1,6.6,18.0
D2000103,蜜世界洋香瓜,"甜瓜,甘瓜,果瓜,香瓜,梨仔瓜,澎湖瓜,洋香瓜",Melon; Honeydew melon;,水果類,29.0,0.7,0.1,7.1,19.0
D20002,甜瓜平均值(東洋系脆瓜),"甜瓜,甘瓜,果瓜,香瓜,梨仔瓜,澎湖瓜",Melon; Cantaloupe; Honeydew melon; Maskmelon,水果類,37.0,1.0,0.2,8.9,9.0
D2000201,美濃瓜,"甜瓜,甘瓜,果瓜,香瓜,梨仔瓜,澎湖瓜",Melon; Honeydew melon;,水果類,37.0,1.1,0.2,8.8,8.0
D2000202,黃香瓜,"甜瓜,甘瓜,果瓜,香瓜,梨仔瓜,澎湖瓜",Melon; Honeydew melon;,水果類,30.0,0.6,0.2,7.5,16.0
D2000203,嘉玉甜瓜,"甜瓜,甘瓜,果瓜,香瓜,梨仔瓜,澎湖瓜",Melon; Honeydew melon;,水果類,43.0,1.3,0.1,10.4,4.0
D2000301,洋香瓜(新世紀),"網仔瓜,哈密瓜",,水果類,39.0,0.7,0.0,10.1,9.0
D2000302,新疆哈密瓜,"網仔瓜,哈密瓜",Melon; Cantaloupe;  Musk melon,水果類,28.0,0.7,0.1,6.9,29.0
D2000303,洋香瓜(卡蜜拉),"網仔瓜,哈密瓜",Aurora melon;Muskmelon;Cantaloupe,水果類,38.0,0.6,0.2,9.5,12.0
D20004,甜瓜平均值(網紋洋香瓜),"甜瓜,甘瓜,果瓜,香瓜,梨仔瓜,澎湖瓜,洋香瓜,網仔瓜,哈蜜瓜",Melon; Cantaloupe; Honeydew melon; Maskmelon,水果類,37.0,0.9,0.0,9.3,13.0
D2000401,七股香洋香瓜,"甜瓜,甘瓜,果瓜,香瓜,梨仔瓜,澎湖瓜,洋香瓜,網仔瓜,哈蜜瓜",Melon; Honeydew melon,水果類,40.0,0.6,0.1,10.5,9.0
D2000402,天香洋香瓜,"甜瓜,甘瓜,果瓜,香瓜,梨仔瓜,澎湖瓜,洋香瓜,網仔瓜,哈蜜瓜",Melon; Honeydew melon;,水果類,44.0,0.8,0.0,11.6,9.0
D2000403,秋香洋香瓜,"甜瓜,甘瓜,果瓜,香瓜,梨仔瓜,澎湖瓜,洋香瓜,網仔瓜,哈蜜瓜",Melon; Honeydew melon;,水果類,34.0,1.0,0.0,8.4,16.0
D2000404,紅寶石洋香瓜,"甜瓜,甘瓜,果瓜,香瓜,梨仔瓜,澎湖瓜,洋香瓜,網仔瓜,哈蜜瓜",Melon; Honeydew melon,水果類,39.0,1.2,0.0,9.6,14.0
D2000405,香華洋香瓜,"甜瓜,甘瓜,果瓜,香瓜,梨仔瓜,澎湖瓜,洋香瓜,網仔瓜,哈蜜瓜",Melon; Honeydew melon,水果類,30.0,0.7,0.0,7.7,20.0
D2000406,藍寶石洋香瓜,"甜瓜,甘瓜,果瓜,香瓜,梨仔瓜,澎湖瓜,洋香瓜,網仔瓜,哈蜜瓜",Melon; Honeydew melon;,水果類,34.0,1.1,0.0,8.2,12.0
D2100101,土芒果,"檬果,檨仔,菴羅果(柴檨,土檨仔)",Mango,水果類,54.0,0.6,0.3,13.8,2.0
D21002,芒果平均值(西洋種),"檬果,檨仔,菴羅果",Mango,水果類,50.0,0.6,0.2,13.0,5.0
D2100201,肯特芒果,"檬果,檨仔,菴羅果",Mango,水果類,49.0,0.5,0.2,12.7,17.0
D2100202,海頓芒果,"檬果,檨仔,菴羅果",Mango,水果類,60.0,0.4,0.2,15.7,4.0
D2100203,凱特芒果,"檬果,檨仔,菴羅果",Mango,水果類,50.0,1.1,0.2,12.5,1.0
D2100204,愛文芒果,"檬果,檨仔,菴羅果(蘋果芒果)",Mango,水果類,42.0,0.4,0.2,11.0,1.0
D2100205,聖心芒果,"檬果,檨仔,菴羅果",Mango,水果類,50.0,0.5,0.2,12.9,0.0
D2100301,黑香芒果,"檬果,檨仔,菴羅果",Mango,水果類,66.0,0.8,0.3,16.9,0.0
D21004,芒果平均值(新興種),"檬果,檨仔,菴羅果",Mango,水果類,56.0,0.6,0.2,14.4,1.0
D2100401,四季芒果,"檬果,檨仔,菴羅果(四季檨)",Mango,水果類,60.0,0.6,0.2,15.6,0.0
D2100402,玉文芒果,"檬果,檨仔,菴羅果",Mango,水果類,62.0,0.5,0.3,16.1,0.0
D2100403,金煌芒果,"檬果,檨仔,菴羅果",Mango,水果類,52.0,0.8,0.2,13.0,8.0
D2100404,金蜜芒果,"檬果,檨仔,菴羅果",Mango,水果類,64.0,0.6,0.4,16.3,1.0
D2100405,金興芒果,"檬果,檨仔,菴羅果",Mango,水果類,41.0,0.6,0.1,10.6,0.0
D2100406,香水芒果,"檬果,檨仔,菴羅果",Mango,水果類,65.0,0.6,0.2,17.1,0.0
D2100407,蓮花芒果,"檬果,檨仔,菴羅果",Mango,水果類,47.0,0.4,0.2,12.2,0.0
D2110101,芒果乾,,Preserved mango: dried,水果類,334.0,0.6,1.0,90.0,219.0
D22001,荔枝平均值,"丹荔,荔錦,麗枝,離枝",Lychee; Lichee; Litchi,水果類,65.0,1.0,0.2,16.5,1.0
D2200101,玉荷苞荔枝,"丹荔,荔錦,麗枝,離枝",Lychee; Lichee; Litchi,水果類,68.0,1.2,0.2,17.3,0.0
D2200102,黑葉仔荔枝,"丹荔,荔錦,麗枝,離枝",Lychee; Lichee; Litchi,水果類,62.0,0.9,0.2,15.8,2.0
D2200201,冷凍荔枝,"丹荔,荔錦,麗枝,離枝",Frozen Lychee; Lichee; Litchi,水果類,28.0,0.4,0.1,7.2,9.0
D2300101,龍眼,"桂圓,龍目,圓眼",Longan; Longana Longan,水果類,72.0,1.1,0.4,18.0,3.0
D2310101,龍眼乾,"桂圓乾,龍目乾,圓眼乾",Longan: dried,水果類,276.0,5.1,0.5,70.9,5.0
D2310201,帶殼龍眼乾,"桂圓乾,龍目乾,圓眼乾",Longan: dried,水果類,278.0,4.6,0.1,72.9,0.0
D24001,李子平均值(青皮黃肉),李子,Plum,水果類,48.0,0.7,0.4,11.7,0.0
D2400101,加州青李,李子,California plum,水果類,47.0,0.6,0.2,12.0,0.0
D2400102,翡翠李,李子,Plum,水果類,48.0,0.7,0.5,11.4,0.0
D24002,李子平均值(紅皮紅肉),李子,Plum,水果類,39.0,0.6,0.3,9.6,0.0
D2400201,紅肉李(大),李子,Plum,水果類,41.0,0.5,0.3,10.0,0.0
D2400202,紅肉李(小),李子,Plum,水果類,38.0,0.7,0.3,9.2,0.0
D24003,李子平均值(紅皮黃肉),李子,Plum,水果類,48.0,0.7,0.3,11.9,1.0
D2400301,加州紅李(台灣),李子,Plum,水果類,45.0,0.3,0.6,10.6,0.0
D2400302,加州紅李(進口),李子,California plum,水果類,60.0,0.8,0.3,15.3,4.0
D2400303,加州蜜李(進口),李子,California plum,水果類,66.0,1.3,0.1,17.1,0.0
D2400304,香水李,李子,Plum,水果類,36.0,0.7,0.3,8.8,0.0
D2400305,桃接李(大),李子,Plum,水果類,38.0,0.6,0.3,9.2,1.0
D2400306,桃接李(小),李子,Plum,水果類,36.0,0.7,0.3,8.6,0.0
D2400307,蜜棗李(進口),李子,Prune,水果類,53.0,0.6,0.2,13.6,0.0
D2400401,黃肉李,李子,Plum,水果類,35.0,0.4,0.2,8.9,0.0
D2400501,黑李,李子,California plum,水果類,57.0,0.7,0.2,14.7,0.0
D2500101,枇杷,琶琵果,Loquat,水果類,38.0,0.3,0.2,9.8,4.0
D2600101,筆柿,"柿子,柹,香柿(長柿,珍寶柿,筆干柿)",Persimmon,水果類,69.0,0.6,0.1,18.3,2.0
D27002,甜柿平均值,"柿子,柹,香柿",Persimmon,水果類,57.0,0.5,0.1,15.2,3.0
D2700201,富有甜柿(大雪山),"柿子,柹,香柿",Persimmon,水果類,57.0,0.4,0.1,15.1,0.0
D2700202,甜柿(進口),"柿子,柹,香柿",Persimmon,水果類,57.0,0.6,0.1,15.3,5.0
D2700203,國產甜柿,"柿子,柹,香柿",Persimmon,水果類,47.0,0.4,0.1,12.7,0.0
D2700301,牛心柿,"柿子,柹,香柿(水柿,浸柿,硬柿,脆柿)",Persimmon,水果類,62.0,0.5,0.2,16.5,3.0
D2700401,四周柿,"柿子,柹,香柿(紅柿,軟柿)",Persimmon,水果類,66.0,0.5,0.1,17.6,0.0
D2700501,柿餅,,Persimmon,水果類,196.0,1.7,0.2,52.2,4.0
D28001,水蜜桃平均值,"毛桃,白桃",Peach,水果類,39.0,0.9,0.2,9.7,2.0
D2800101,水蜜桃,"毛桃,白桃",Peach,水果類,40.0,0.9,0.1,9.9,3.0
D2800102,甜蜜桃,"毛桃,白桃",Peach,水果類,39.0,0.9,0.2,9.6,0.0
D28002,脆桃平均值,"桃子,甜桃",,水果類,44.0,0.9,0.1,11.1,2.0
D2800201,白油桃,"桃子,脆桃,甜桃",Peach,水果類,37.0,0.6,0.1,9.3,1.0
D2800202,玫瑰桃,"桃子,脆桃,甜桃",Peach,水果類,51.0,1.2,0.1,12.8,7.0
D2800203,福壽桃,"桃子,脆桃,甜桃",Peach,水果類,47.0,0.9,0.2,11.9,0.0
D2800204,鶯哥桃,"桃子,脆桃,甜桃",Peach,水果類,42.0,1.0,0.2,10.5,0.0
D2800301,蟠桃,餅桃,Peach,水果類,45.0,0.9,0.2,11.3,0.0
D2900101,青梅(胭脂梅),梅子,Yentsu Mei; Japanese Apricot,水果類,35.0,0.5,0.1,8.8,1.0
D30001,西洋梨平均值,"梨子,水梨,山褵,快果,果宗",Pear,水果類,53.0,0.3,0.2,14.1,0.0
D3000101,西洋梨(青皮),"梨子,水梨,山褵,快果,果宗",Pear,水果類,62.0,0.3,0.2,16.5,0.0
D3000102,西洋梨(紅皮),"梨子,水梨,山褵,快果,果宗",Pear,水果類,53.0,0.3,0.2,13.9,1.0
D3000103,西洋梨(黃皮),"梨子,水梨,山褵,快果,果宗",Pear,水果類,44.0,0.2,0.1,11.8,0.0
D3000201,幸水梨,"梨子,水梨,山褵,快果,果宗",Pear,水果類,34.0,0.4,0.0,9.0,0.0
D3000202,大雪梨,"梨子,水梨,山褵,快果,果宗",Pear,水果類,42.0,0.3,0.1,11.1,0.0
D3000203,新世紀梨,"梨子,水梨,山褵,快果,果宗",Pear,水果類,42.0,0.4,0.2,10.7,6.0
D3000204,新興梨,"梨子,水梨,山褵,快果,果宗",Pear,水果類,44.0,0.2,0.1,11.9,0.0
D3000205,橫山梨,"梨子,水梨,山褵,快果,果宗(三灣冬梨,粗梨)",Pear,水果類,47.0,0.4,0.1,12.4,5.0
D3000206,豐水梨,"梨子,水梨,山褵,快果,果宗",Pear,水果類,36.0,0.5,0.1,9.4,0.0
D3000301,將軍蜜梨,"梨子,水梨,山褵,快果,果宗(三星上將梨)",Pear,水果類,50.0,0.4,0.1,13.3,0.0
D3000302,梨山蜜梨,"梨子,水梨,山褵,快果,果宗",Pear,水果類,47.0,0.3,0.0,12.7,0.0
D31001,蜜棗平均值(大),"棗子,棗仔",Indian jujube,水果類,43.0,1.1,0.1,10.7,2.0
D3100101,蜜棗(長形),"棗子,棗仔",Indian jujube,水果類,43.0,1.2,0.2,10.4,4.0
D3100102,蜜棗(圓形),"棗子,棗仔(蜜絲棗)",Indian jujube,水果類,44.0,0.9,0.1,11.0,1.0
D3100201,珍珠蜜棗,"棗子,棗仔",Indian jujube,水果類,46.0,1.1,0.0,11.7,1.0
D3100301,國產紅棗,紅棗,Chinese jujube,水果類,87.0,0.9,0.1,23.1,1.0
D3100401,紅棗(乾),"大棗,棗仔",Chinese jujube,水果類,227.0,3.2,0.3,59.5,10.0
D3100402,黑棗(乾),"大棗,棗仔",Chinese jujube: smoked,水果類,230.0,2.7,0.2,60.9,3.0
D32001,蘋果平均值(青皮),"柰,林檎",Apple,水果類,50.0,0.3,0.2,13.1,2.0
D3200101,青龍蘋果,"柰,林檎,青蘋果",Apple,水果類,54.0,0.3,0.3,14.0,1.0
D3200102,翠玉青蘋果,"柰,林檎,青蘋果(翡翠,青玉,史蜜斯)",Apple,水果類,46.0,0.3,0.1,12.2,3.0
D3200201,翠玉青蘋果(帶皮),"柰,林檎,青蘋果(翡翠,青玉,史蜜斯)",Apple,水果類,54.0,0.4,0.2,14.1,5.0
D3200301,美國五爪蘋果,"柰,林檎,紅蘋果(元帥)",Apple,水果類,51.0,0.2,0.1,13.8,2.0
D32004,蘋果平均值(混色),"柰,林檎",Apple,水果類,51.0,0.2,0.1,13.9,1.0
D3200401,加拉蘋果,"柰,林檎",Apple: Gala,水果類,55.0,0.2,0.1,15.0,0.0
D3200402,津輕蜜蘋果,"柰,林檎",Apple,水果類,56.0,0.2,0.2,15.1,1.0
D3200403,秋香蘋果,"柰,林檎",Apple,水果類,45.0,0.3,0.0,12.3,0.0
D3200404,富士蘋果,"柰,林檎",Fu-Ji apple,水果類,49.0,0.2,0.1,13.1,3.0
D3200501,富士蘋果(帶皮),"柰,林檎",Fu-Ji apple,水果類,45.0,0.2,0.1,11.9,3.0
D3200601,金冠蘋果,"柰,林檎,黃蘋果(黃元帥)",Apple,水果類,49.0,0.4,0.1,13.0,0.0
D3300101,櫻桃,"中國櫻桃又稱鶯桃,荊桃",Cherry;,水果類,75.0,1.2,0.3,19.1,2.0
D3300201,白櫻桃,"中國櫻桃又稱鶯桃,荊桃",Cherry;,水果類,69.0,0.7,0.1,18.4,1.0
D3400101,椪柑,"橘子,蘆柑,壼柑,凸柑,乳柑,潮州柑",Tangerine; Ponkan,水果類,40.0,0.8,0.2,10.0,2.0
D3400201,紅柑,"美人(女)柑,明尼吉柚,葡萄蜜柑,迷你葡萄柚",Tangerine,水果類,42.0,0.8,0.1,10.6,1.0
D3400202,茂谷柑,柑,Murcott; Honey tangerine; Honey murcott,水果類,44.0,0.6,0.1,11.5,1.0
D3400203,海梨桶柑,"年柑,草山柑,焦柑,蜜桶,漳柑,草山桔(海梨)",Tankan; Tankan orange,水果類,44.0,0.9,0.2,11.0,6.0
D3400204,高牆桶柑,"年柑,草山柑,焦柑,蜜桶,漳柑,草山桔(桶柑)",Tankan; Tankan orange,水果類,45.0,0.8,0.0,11.8,1.0
D3400205,檸檬柑,"三寶柑,甜檸檬",Citrus sulcata Hort. ex Takahashi,水果類,48.0,1.1,0.1,12.2,1.0
D3400206,砂糖橘,"十月桔,沙糖桔,沙糖橘,砂糖桔",Shatangju;Mandarin,水果類,50.0,0.7,0.3,12.6,3.0
D3400301,長果金柑,"金棗,羅浮柑",Kumquat; Oval kumquat,水果類,56.0,1.0,0.2,14.1,5.0
D3400302,圓果金柑,"金桔,金橘,桔子",Kumquat; Round kumquat,水果類,32.0,0.7,0.2,7.6,4.0
D3400303,圓果金柑汁(綠皮),"金桔,金橘,桔子",Kumquat juice; Round kumquat juice,水果類,32.0,0.9,0.1,8.0,1.0
D3500101,文旦,"柚子,內紫,朱欒,香欒,座凡,拋,欒",Shaddocks; Pomelo; Pummelo,水果類,34.0,0.7,0.1,8.8,0.0
D3500102,文旦(2023年取樣),"麻豆文旦,文旦柚","Pummelo,Pomelo, Shaddock",水果類,48.0,0.6,0.0,12.7,1.0
D3500201,白柚,"柚子,內紫,朱欒,香欒,座凡,拋,欒",White shaddocks; White pummelo,水果類,37.0,0.6,0.1,9.6,7.0
D3500301,西施蜜柚,"柚子,內紫,朱欒,香欒,座凡,拋,欒(西施柚)",Shaddocks; Pomelo; Pummelo,水果類,40.0,0.8,0.2,10.1,0.0
D36001,甜橙平均值(普遍系),"甜橙,柳橙,柳丁,印子柑,廣柑",Mandarin orange; Sweet orange; Lin-cheng (orange);,水果類,46.0,0.8,0.2,11.3,3.0
D3600101,柳橙,"甜橙,柳橙,柳丁,印子柑,廣柑",Orange,水果類,44.0,0.8,0.1,11.0,5.0
D3600102,香吉士(進口),"甜橙,柳橙,柳丁,印子柑,廣柑",Orange: Sunkist;,水果類,47.0,0.7,0.5,11.4,1.0
D3600103,澳洲甜橙(進口),"甜橙,柳橙,柳丁,印子柑,廣柑",Orange: Australia,水果類,46.0,0.9,0.1,11.6,3.0
D3700101,青皮葡萄柚,"西柚,朱欒",Grapefruit; Pomelo,水果類,33.0,0.8,0.1,8.3,1.0
D3700201,紅寶石葡萄柚(古坑),"西柚,朱欒",Ruby Grapefruit; Pomelo; Ruby Red;,水果類,37.0,0.7,0.3,8.9,0.0
D3700301,黃皮葡萄柚(進口),"西柚,朱欒",Grapefruit; Pomelo,水果類,38.0,0.7,0.1,9.7,1.0
D3700401,黃皮葡萄柚,"西柚,朱欒",Grapefruit; Pomelo,水果類,37.0,0.7,0.2,9.2,4.0
D3800101,檸檬,,Lemon,水果類,33.0,0.7,0.5,7.4,4.0
D3800201,萊姆,無子檸檬,Lime,水果類,38.0,0.5,1.0,7.7,1.0
D38003,檸檬汁平均值,,Lemon juice,水果類,31.0,0.5,0.4,7.0,1.0
D3800301,檸檬汁(黃皮),,Lemon juice,水果類,30.0,0.5,0.3,7.2,1.0
D3800302,檸檬汁(綠皮),,Lemon juice,水果類,31.0,0.4,0.6,6.9,1.0
D3830102,萊姆汁,無子檸檬,Lime,水果類,34.0,0.3,0.5,8.1,0.0
D3930101,紅甘蔗汁,甘蔗汁、高貴蔗汁、果蔗汁、干蔗汁、薯蔗汁、竹蔗汁,Sugarcane、Noble sugar cane,水果類,76.0,0.5,0.2,20.2,0.0
D3930102,"紅甘蔗汁(有機,2023年取樣)",甘蔗汁、高貴蔗汁、果蔗汁、干蔗汁、薯蔗汁、竹蔗汁,Sugarcane、Noble sugar cane,水果類,72.0,0.2,0.4,18.8,0.0
D4000101,人心果,"吳鳳柿,沙漠吉拉,查某囝仔,人蔘果",Sapodilla,水果類,83.0,0.6,0.8,20.5,10.0
D41301,可可椰子汁平均值,"椰子汁,越王頭汁",Coconut juice; Coco palm juice; Coconut terr juice,水果類,17.0,0.1,0.1,4.4,10.0
D4130101,可可椰子汁(屏東),"椰子汁,越王頭汁",Coconut juice; Coco palm juice; Coconut terr juice,水果類,16.0,0.1,0.2,3.8,3.0
D4130102,可可椰子汁(進口),"椰子汁,越王頭汁",Coconut juice; Coco palm juice; Coconut terr juice,水果類,19.0,0.2,0.0,5.0,16.0
D4300101,蛋黃果,仙桃,Peach; Egg apple; Egg-fruit; Canistel,水果類,106.0,1.4,0.3,27.3,3.0
D4400101,無花果,,Fig,水果類,67.0,1.2,0.4,16.5,9.0
D4410101,無花果乾,無花果,"Fig, dried",水果類,328.0,3.6,4.3,77.8,10.0
D4500101,黃金果,黃晶果,"Abiu, Caimito",水果類,44.0,0.9,0.2,11.0,0.0
D4600101,菠蘿蜜,"天波羅,樹波羅",Jack Fruit,水果類,108.0,1.0,0.2,28.4,0.0
D4600201,榴槤蜜,"尖百達,尖蜜拉,小樹菠蘿,小波羅蜜",Chempedak,水果類,124.0,1.6,0.1,32.6,0.0
D4700101,牛奶果,星蘋果,star apple,水果類,62.0,0.8,0.3,15.8,3.0
D4800101,餘甘子,"油柑,油甘",,水果類,43.0,0.3,0.3,10.8,2.0
D4900101,嘉寶果,樹葡萄,Jaboticaba,水果類,59.0,0.3,0.3,15.3,0.0
D5000101,藍莓(台灣),,Blueberries,水果類,53.0,0.5,0.3,13.6,0.0
E0100101,牛蒡,"吳帽,吳某,牛菜,蒡翁菜,鼠黏","Great burdock, edible burdock",蔬菜類,84.0,2.5,0.4,19.1,15.0
E02001,胡蘿蔔平均值,"紅蘿蔔,紅菜頭,黃蘿蔔,丁香蘿蔔,人參,金筍",Carrot,蔬菜類,39.0,1.1,0.1,8.9,89.0
E0200101,胡蘿蔔,"紅蘿蔔,紅菜頭,黃蘿蔔,丁香蘿蔔,人參,金筍",Carrot,蔬菜類,37.0,1.0,0.2,8.5,67.0
E0200102,向陽二號胡蘿蔔,"紅蘿蔔,紅菜頭,黃蘿蔔,丁香蘿蔔,人參,金筍",Carrot,蔬菜類,44.0,0.6,0.1,10.6,92.0
E0200103,澳洲胡蘿蔔(細長型),"紅蘿蔔,紅菜頭,黃蘿蔔,丁香蘿蔔,人參,金筍",Carrot,蔬菜類,34.0,1.7,0.1,7.5,109.0
E0200201,黃胡蘿蔔,"紅蘿蔔,紅菜頭,黃蘿蔔,丁香蘿蔔,人參,金筍",Carrot,蔬菜類,42.0,1.1,0.3,9.4,65.0
E0200301,冷凍胡蘿蔔,"紅蘿蔔,紅菜頭,黃蘿蔔,丁香蘿蔔,人參,金筍",Carrot: frozen,蔬菜類,13.0,0.5,0.1,3.0,65.0
E0300101,根菾菜根,"甜菜根,火焰菜根","Beet, Beetroot",蔬菜類,27.0,1.2,0.1,6.0,236.0
E0300102,根菾菜根(2023年取樣),"甜菜根,火焰菜根",Beetroot,蔬菜類,37.0,1.2,0.0,8.6,141.0
E04001,白蘿蔔平均值,"蘿蔔,菜頭,萊菔,蘆萉,仙人骨,大菜,大根","Radish, Chinese radish",蔬菜類,18.0,0.5,0.1,3.9,46.0
E0400101,白蘿蔔,"蘿蔔,菜頭,萊菔,蘆萉,仙人骨,大菜,大根","Radish, Chinese radish",蔬菜類,16.0,0.7,0.1,3.3,27.0
E0400102,白蘿蔔(長形),"蘿蔔,菜頭,萊菔,蘆萉,仙人骨,大菜,大根","Radish, Chinese radish",蔬菜類,19.0,0.4,0.1,4.4,65.0
E0400201,櫻桃蘿蔔,"蘿蔔,菜頭,萊菔,小根蘿蔔,二十日蘿蔔,小粒菜頭","Radish, Chinese radish, Radicula radish",蔬菜類,11.0,0.6,0.0,2.3,43.0
E0400301,青蘿蔔,"蘿蔔,菜頭,萊菔,綠蘿蔔,綠長蘿蔔,青菜頭,青大根","Radish, Chinese radish",蔬菜類,33.0,1.8,0.1,7.0,13.0
E0420101,蘿蔔乾,"菜脯乾,菜脯",Radish: dried,蔬菜類,58.0,2.2,1.2,10.8,3279.0
E0500101,百合鱗片,"百合,百合花鱗片,蒜腦藷",Fresh lily bulb,蔬菜類,137.0,3.8,0.1,32.3,4.0
E0510101,乾百合鱗片,"乾百合,乾百合花鱗片,乾蒜腦藷",Dry lily bulb,蔬菜類,304.0,11.8,0.7,68.4,90.0
E0600101,芋莖,"芋拐,芋橫,芋葉梗",Taro shoot; Dasheen stalk; Taro petiole,蔬菜類,20.0,1.1,0.5,3.4,4.0
E0700101,金針菜嫩莖,"碧玉筍,金針筍,金針菜梗,軟化金針菜,金針嫩菜芽,萱草菜嫩芽",Day-lily; Common orange Day-lily,蔬菜類,24.0,0.7,0.2,5.3,1.0
E0800101,草石蠶,"甘露兒,甘露菜,寶塔菜,地蠶,螺獅菜,土蛹(坊間誤稱為冬蟲夏草)",Chinese artichoke,蔬菜類,75.0,1.7,0.0,18.0,0.0
E0900101,球莖甘藍,"大頭菜,結頭菜,芥頭,菜菜鵠,菜叩,莖藍,蕪菁蕓苔",Kohlrabi,蔬菜類,20.0,1.6,0.2,3.6,18.0
E1000101,孟宗竹筍,"毛竹,茅竹,茅茹竹,江南竹,貓竹,貓兒竹,楠竹,南竹,至竹,斑竹(冬筍)",Bamboo shoot; Bamboo sprout; Moso bamboo,蔬菜類,40.0,4.0,0.2,7.3,12.0
E1100101,熟桂竹筍,"桂竹仔筍,石竹仔筍,簍竹,筀竹筍",Bamboo shoot; Bamboo sprout; Makino bamboo,蔬菜類,21.0,2.1,0.2,3.5,68.0
E1200101,烏殼綠竹筍,"烏殼筍,烏殼綠,烏綠竹,烏腳綠竹筍,烏腳綠仔,四季竹,南洋竹,食用刺竹",Bamboo shoot; Bamboo sprout; Edible bamboo,蔬菜類,21.0,1.8,0.2,3.8,17.0
E1300101,茭白筍,"茭白,茭筍,茭草,水筍,腳白筍,加白筍,菰,菰菜,菰筍,菰蔣","Water bamboo,",蔬菜類,20.0,1.3,0.2,4.0,5.0
E1300201,玉米筍,"番麥筍,珍珠筍",Baby corn,蔬菜類,33.0,1.8,0.2,7.0,0.0
E1400101,麻竹筍,"蔴竹,甜竹,巨竹,坭竹,大綠竹,瓦坭竹,巨麻竹,美濃麻竹,吊絲麻竹",Bamboo shoot; Bamboo sprout; Ma bamboo,蔬菜類,22.0,1.4,0.1,4.4,1.0
E1400201,冷凍麻竹筍,"蔴竹,甜竹,巨竹,坭竹,大綠竹,瓦坭竹,巨麻竹,美濃麻竹,吊絲麻竹",Bamboo shoot: frozen; Bamboo sprout: frozen,蔬菜類,17.0,0.9,0.0,3.8,22.0
E1500101,綠竹筍,"甜竹,甜竹筍,綠仔筍,綠仔笋,綠竹笋",Bamboo shoot; Bamboo sprout; Green bamboo,蔬菜類,25.0,1.7,0.2,4.7,0.0
E1500201,帶殼熟綠竹筍,"甜竹,甜竹筍,綠仔筍,綠仔笋,綠竹笋",Bamboo shoot; Bamboo sprout; Green bamboo,蔬菜類,25.0,2.0,0.1,4.9,1.0
E1500301,沙拉筍塊,涼筍,,蔬菜類,24.0,1.6,0.1,4.8,8.0
E1600101,熟箭竹筍,"箭筍,台灣箭竹,矢竹仔,玉山箭竹","Kunishi cane, Usawa cane:cooked",蔬菜類,20.0,2.1,0.3,2.9,343.0
E1700101,白蘆筍,"野天門冬,松葉土當歸,石刁柏,龍鬚菜",Asparagus,蔬菜類,25.0,1.8,0.2,4.9,4.0
E17002,綠蘆筍平均值,"野天門冬,松葉土當歸,石刁柏,龍鬚菜","Asparagus, Spargel, Asperge, Gardon asparagus",蔬菜類,22.0,2.7,0.2,3.5,4.0
E1700201,綠蘆筍,"野天門冬,松葉土當歸,石刁柏,龍鬚菜",Asparagus,蔬菜類,22.0,1.3,0.2,4.5,6.0
E1700202,澳洲綠蘆筍(粗短型),"野天門冬,松葉土當歸,石刁柏,龍鬚菜",Asparagus,蔬菜類,20.0,2.5,0.2,3.1,3.0
E1700203,綠蘆筍(細短型),"野天門冬,松葉土當歸,石刁柏,龍鬚菜",Asparagus,蔬菜類,23.0,3.3,0.2,3.2,3.0
E1700204,綠蘆筍(短型),"野天門冬,松葉土當歸,石刁柏,龍鬚菜",,蔬菜類,22.0,3.5,0.1,3.0,5.0
E1700301,蘆筍花,,,蔬菜類,21.0,2.9,0.3,2.7,2.0
E1800101,嫩莖萵苣,"鵝菜心,莖用萵苣,萵(鵝)仔菜心,大心萵(媚)仔菜,萵苣筍(莖),妹仔菜筍,",Stem lettuce; Asparagus lettuce,蔬菜類,16.0,1.0,0.2,3.1,22.0
E1900101,嫩薑,"薑仔,生薑,生姜,羌,蘘荷,茗荷,甘露子,紫薑",Ginger,蔬菜類,21.0,0.0,0.3,4.8,12.0
E1900102,粉薑,"薑仔,生薑,生姜,羌,蘘荷,茗荷,甘露子,紫薑",Ginger,蔬菜類,28.0,1.0,0.3,6.1,7.0
E1900103,老薑,"薑仔,生薑,生姜,羌,蘘荷,茗荷,甘露子,紫薑",Ginger,蔬菜類,53.0,1.1,0.5,11.7,4.0
E2000101,檳榔嫩莖,"半天筍,檳榔樹心",Betel-nut stem,蔬菜類,31.0,2.2,0.4,5.6,10.0
E2100101,大蒜,"蒜頭,大蒜頭,蒜球,蒜瓣,蒜仔頭",Garlic,蔬菜類,122.0,6.7,0.2,26.4,4.0
E2100201,青蒜,"蒜仔,葫,胡蒜,洋蒜,韭蔥",Garlic,蔬菜類,33.0,2.1,0.3,6.4,3.0
E2100301,蒜苗,蒜黃,,蔬菜類,54.0,2.2,0.1,12.0,9.0
E23001,青蔥平均值,,"Welsh onion, Bunching onion, Green onion",蔬菜類,31.0,1.3,0.2,6.6,1.0
E2300101,青蔥(有機),"蔥,葉蔥,蔥仔","Welsh onion, Bunching onion, Green onion",蔬菜類,31.0,1.1,0.2,6.8,1.0
E2300102,山東大蔥,"蔥,大蔥,葉蔥,蔥仔,水蔥,漢蔥","Welsh onion, Bunching onion, Green onion",蔬菜類,31.0,1.3,0.1,6.7,1.0
E2300103,日本甜蔥,"蔥,大蔥,葉蔥,蔥仔,水蔥,漢蔥","Welsh onion, Bunching onion, Green onion",蔬菜類,33.0,1.0,0.1,7.6,1.0
E2300104,宜蘭粉蔥,"蔥,葉蔥,蔥仔,水蔥,漢蔥","Welsh onion, Bunching onion, Green onion",蔬菜類,27.0,1.6,0.2,5.4,1.0
E2400101,白洋蔥,"玉蔥,蔥頭,球蔥,胡蔥,日本蔥頭,大粒蔥頭,洋蔥頭,大蔥頭",Onion,蔬菜類,42.0,1.0,0.1,10.0,3.0
E2400201,紫洋蔥,"玉蔥,蔥頭,球蔥,胡蔥,日本蔥頭,大粒蔥頭,洋蔥頭,大蔥頭",Onion,蔬菜類,32.0,0.9,0.1,7.3,4.0
E2400301,黃洋蔥,"玉蔥,蔥頭,球蔥,胡蔥,日本蔥頭,大粒蔥頭,洋蔥頭,大蔥頭",Onion,蔬菜類,42.0,1.0,0.2,9.5,2.0
E2500101,紅蔥頭,"油蔥頭,珠蔥頭,分蔥頭,大頭蔥頭,四季蔥頭",Shallot,蔬菜類,75.0,3.4,0.3,16.4,16.0
E2600101,韮菜花,"花韮菜,韮花,韭菜苔(韮/韭通用)",Chinese chive flower; Chinese leek flower,蔬菜類,28.0,1.8,0.2,5.6,3.0
E2600201,韮菜,"韮,塊莖蒜,起陽草(韮/韭通用)",Chinese chive; Chinese leek,蔬菜類,23.0,1.9,0.4,3.9,2.0
E2600301,韮黃,"韮黃,黃韮菜,白韮菜,軟化韮菜(韮/韭通用)",Etiolated Chinese chive; Etiolated Chinese leek,蔬菜類,16.0,1.5,0.1,2.9,3.0
E2700101,九層塔,"千層塔,羅勒,家佩蘭,零陵菜,香菜(草),薰草,西王母菜,塞香菜,光明子,醒頭香",Basil; Common basil; Sweet basil,蔬菜類,27.0,2.9,0.3,4.4,2.0
E2800101,小麥苗,,,蔬菜類,34.0,3.3,0.5,5.5,3.0
E2900101,水菜(日本種),,Mizuna,蔬菜類,11.0,1.2,0.2,1.6,2.0
E30001,甘藍平均值,"高麗菜,包菜,洋白菜,玻璃菜,玉菜,捲心菜,球葉甘藍,結球甘藍,蕃芥藍",Cabbage; White cabbage,蔬菜類,23.0,1.3,0.1,4.8,11.0
E3000101,梨山甘藍(尖球形),"高麗菜,包菜,洋白菜,玻璃菜,玉菜,捲心菜,球葉甘藍,結球甘藍,蕃芥藍",Cabbage; White cabbage,蔬菜類,24.0,1.4,0.1,5.1,8.0
E3000102,甘藍(扁圓形),"高麗菜,包菜,洋白菜,玻璃菜,玉菜,捲心菜,球葉甘藍,結球甘藍,蕃芥藍",Cabbage; White cabbage,蔬菜類,21.0,1.1,0.2,4.3,12.0
E3000103,甘藍(圓球形),"高麗菜,包菜,洋白菜,玻璃菜,玉菜,捲心菜,球葉甘藍,結球甘藍,蕃芥藍",Cabbage; White cabbage,蔬菜類,24.0,1.4,0.2,4.9,11.0
E3000104,甘藍(圓球形)(2021年取樣),高麗菜,Cabbage,蔬菜類,20.0,0.8,0.0,4.6,3.0
E3000201,紫色甘藍,"紫甘藍,紫色高麗菜,紅色高麗菜,紅玻璃菜,紅玉菜",Purple cabbage; Red cabbage,蔬菜類,28.0,1.5,0.2,5.9,13.0
E3000301,甘藍芽,高麗菜芽,,蔬菜類,33.0,2.7,0.6,5.4,12.0
E3000401,冷凍甘藍,"高麗菜,包菜,洋白菜,玻璃菜,玉菜,捲心菜,球葉甘藍,結球甘藍,蕃芥藍",Cabbage: frozen,蔬菜類,20.0,1.3,0.1,4.2,21.0
E3000501,羽衣甘藍(有機),,Kale,蔬菜類,35.0,3.0,0.9,5.1,60.0
E3010101,脫水甘藍,,,蔬菜類,341.0,6.9,0.1,82.6,1351.0
E3100101,甘藷葉,"地瓜葉,番藷葉,過溝菜(藷同薯)",Sweet potato vine,蔬菜類,28.0,3.2,0.3,4.4,39.0
E3200102,蚵仔白菜(2022年取樣),"白菜,青菜,散葉白菜,無心菜,菘,不結球白菜,尼龍白菜,皺(碎/曲)葉白菜,皺葉中蕓苔",Chinese mustard; Chinese cabbage,蔬菜類,13.0,1.4,0.3,1.8,40.0
E3200201,荷葉白菜,"白菜,青菜,散葉白菜,無心菜,菘,不結球白菜",Chinese mustard; Chinese cabbage,蔬菜類,14.0,1.4,0.1,2.5,91.0
E3200301,葵扇白菜,"白菜,青菜,散葉白菜,無心菜,菘,不結球白菜,江戶(門)白菜,黑葉白菜,扇子白菜,黑芥菜,排菜",Chinese mustard; Chinese cabbage,蔬菜類,14.0,1.6,0.1,2.4,47.0
E3200401,黑葉白菜(短梗),"白菜,青菜,散葉白菜,無心菜,菘,不結球白菜",Chinese mustard; Chinese cabbage,蔬菜類,15.0,1.3,0.0,2.9,57.0
E3200501,千寶菜,,Winter mustard,蔬菜類,20.0,1.7,0.2,3.6,46.0
E3200601,小白菜(土植)(1月取樣),"土白菜,青菜,白菜,不結球白菜,水白菜",Pak-choi,蔬菜類,10.0,1.2,0.2,1.5,110.0
E3200602,小白菜(土植)(3月取樣),"土白菜,青菜,白菜,不結球白菜,水白菜",Pak-choi,蔬菜類,14.0,1.2,0.1,2.4,51.0
E3200603,小白菜(土植)(4月取樣),"土白菜,青菜,白菜,不結球白菜,水白菜","Pak-choi,",蔬菜類,13.0,1.1,0.2,2.2,125.0
E3200604,小白菜(土植)(7月取樣),"土白菜,青菜,白菜,不結球白菜,水白菜","Pak-choi,",蔬菜類,10.0,1.0,0.1,1.8,119.0
E3200605,小白菜(土植)(10月取樣),"土白菜,青菜,白菜,不結球白菜,水白菜","Pak-choi,",蔬菜類,11.0,1.1,0.2,1.7,71.0
E3200701,小白菜(水耕)(1月取樣),"土白菜,青菜,白菜,不結球白菜,水白菜","Pak-choi,",蔬菜類,13.0,1.5,0.1,2.1,9.0
E3200702,小白菜(水耕)(4月取樣),"土白菜,青菜,白菜,不結球白菜,水白菜","Pak-choi,",蔬菜類,13.0,1.0,0.2,2.4,11.0
E3200703,小白菜(水耕)(7月取樣),"土白菜,青菜,白菜,不結球白菜,水白菜","Pak-choi,",蔬菜類,12.0,0.9,0.1,2.4,9.0
E3200704,小白菜(水耕)(10月取樣),"土白菜,青菜,白菜,不結球白菜,水白菜","Pak-choi,",蔬菜類,12.0,1.1,0.3,1.8,6.0
E3200801,小白菜(有機)(1月取樣),"土白菜,青菜,白菜,不結球白菜,水白菜",Pak-choi:organic,蔬菜類,9.0,1.8,0.2,0.8,79.0
E3200802,小白菜(有機)(4月取樣),"土白菜,青菜,白菜,不結球白菜,水白菜",Pak-choi:organic,蔬菜類,14.0,1.3,0.2,2.4,40.0
E3200803,小白菜(有機)(7月取樣),"土白菜,青菜,白菜,不結球白菜,水白菜",Pak-choi:organic,蔬菜類,11.0,1.3,0.1,1.7,33.0
E3200804,小白菜(有機)(10月取樣),"土白菜,青菜,白菜,不結球白菜,水白菜",Pak-choi:organic,蔬菜類,13.0,1.3,0.2,1.9,23.0
E3200901,珍珠小白菜,珍珠白菜,Pak-choi,蔬菜類,11.0,1.5,0.1,1.7,4.0
E3201001,油菜心,,,蔬菜類,31.0,3.2,0.9,4.0,21.0
E3201101,油菜(有機),蕓苔,Edible Rape; cole,蔬菜類,13.0,1.3,0.1,2.2,24.0
E3201201,青江菜(土植)(1月取樣),"江門白菜, 湯匙菜,青梗白菜","Pak-choi , Chinese mustard",蔬菜類,10.0,1.3,0.0,1.6,73.0
E3201202,青江菜(土植)(3月取樣),"江門白菜 ,湯匙菜,青梗白菜","Pak-choi , Chinese mustard",蔬菜類,13.0,1.2,0.1,2.2,53.0
E3201203,青江菜(土植)(4月取樣),"江門白菜, 湯匙菜,青梗白菜","Pak-choi , Chinese mustard",蔬菜類,11.0,1.0,0.1,1.8,110.0
E3201204,青江菜(土植)(7月取樣),"江門白菜,湯匙菜,青梗白菜","Pak-choi , Chinese mustard",蔬菜類,15.0,1.5,0.1,2.5,92.0
E3201205,青江菜(土植)(10月取樣),"江門白菜, 湯匙菜,青梗白菜","Pak-choi , Chinese mustard",蔬菜類,18.0,1.7,0.1,3.4,28.0
E3201301,青江菜(水耕)(1月取樣),"江門白菜 ,湯匙菜,青梗白菜","Pak-choi,Chinese mustard",蔬菜類,12.0,1.2,0.0,2.4,6.0
E3201302,青江菜(水耕)(4月取樣),"江門白菜 , 湯匙菜,青梗白菜","Pak-choi, Chinese mustard",蔬菜類,14.0,1.4,0.2,2.4,12.0
E3201303,青江菜(水耕)(7月取樣),"江門白菜 ,湯匙菜,青梗白菜","Pak-choi ,Chinese mustard",蔬菜類,14.0,1.7,0.1,2.2,13.0
E3201304,青江菜(水耕)(10月取樣),"江門白菜 ,湯匙菜,青梗白菜","Pak-choi , Chinese mustard",蔬菜類,11.0,1.4,0.2,1.4,14.0
E3201401,青江菜(有機)(1月取樣),"江門白菜,湯匙菜,青梗白菜","Pak-choi ,Chinese Mustard:organic",蔬菜類,10.0,1.5,0.0,1.5,38.0
E3201402,青江菜(有機)(4月取樣),"江門白菜 ,湯匙菜,青梗白菜","Pak-choi ,Chinese Mustard:organic",蔬菜類,15.0,1.4,0.2,2.5,40.0
E3201403,青江菜(有機)(7月取樣),"江門白菜 ,湯匙菜,青梗白菜","Pak-choi ,Chinese Mustard:organic",蔬菜類,21.0,1.9,0.2,3.5,22.0
E3201404,青江菜(有機)(10月取樣),"江門白菜 , 湯匙菜,青梗白菜","Pak-choi ,Chinese Mustard:organic",蔬菜類,15.0,1.6,0.1,2.7,23.0
E3201501,塔菇菜(有機),塌棵菜；塔菜；瓢兒芥,"Chinese savoy, Chinese flat cabbage",蔬菜類,14.0,1.9,0.0,2.3,59.0
E3201601,廣島野菜,廣島菜,,蔬菜類,16.0,1.7,0.0,2.9,19.0
E3201701,日本油菜(有機),"鶯菜,小松菜",komutsuna,蔬菜類,20.0,1.5,0.4,3.3,55.0
E33001,結球白菜平均值,"大白菜,黃芽菜,包心白菜,卷心白菜,山東白菜,結球白菜","Chinese cabbage, Celery cabbage",蔬菜類,17.0,1.2,0.3,2.9,24.0
E3300101,煙台白菜,"大白菜,黃芽菜,包心白菜,卷心白菜,山東白菜,結球白菜(包頭蓮)","Chinese cabbage,",蔬菜類,14.0,1.3,0.3,2.2,30.0
E3300102,迷你竹筍白菜,"大白菜,黃芽菜,包心白菜,卷心白菜,山東白菜,結球白菜",Chinese cabbage,蔬菜類,19.0,1.3,0.1,3.8,4.0
E3300103,翠玉白菜,"天津白菜,直筒白菜,長筒白菜,竹筒白菜","Chinese cabbage,",蔬菜類,19.0,1.0,0.7,2.8,48.0
E3300104,包心白菜,"大白菜,黃芽菜,包心白菜,卷心白菜,山東白菜,結球白菜","Chinese cabbage,",蔬菜類,14.0,1.2,0.1,2.6,14.0
E3300201,白菜芽,娃娃菜,,蔬菜類,54.0,2.6,0.3,11.5,24.0
E3400101,白鳳菜,白蓊菜,Edible Gynura,蔬菜類,27.0,2.0,0.4,4.8,28.0
E3400201,紅鳳菜,"紅蓊菜,紅菜,紅葉,紫背天葵,雙色三七草,天青地紅,地黃菜,腳目草",Edible Gynura,蔬菜類,22.0,2.1,0.4,3.5,13.0
E3500101,豆瓣菜,"西洋菜,水芥(田/應/蕹)菜,無心芥(菜),廣東芥菜,微子蔊菜,風花菜,水生山葵菜,麥藍菜,角菜",Watercress,蔬菜類,21.0,2.2,0.3,3.2,45.0
E3600101,明日葉,"鹹草,明日草,長壽草,八丈草,還陽草,珍立草,海峰人參,天賜草",,蔬菜類,57.0,1.4,0.8,11.9,4.0
E3700101,山芹菜,"鴨兒芹,三葉芹,三葉山芹菜","Japanese parsley, Japanese honewort, Shaddock",蔬菜類,28.0,2.1,0.3,5.2,2.0
E37002,芹菜平均值,"旱芹,藥芹,洋芹,白芹,塘蒿,和蘭鴨兒芹",Celery,蔬菜類,15.0,0.8,0.1,3.1,65.0
E3700201,芹菜(青梗),"旱芹,藥芹,洋芹,白芹,塘蒿,和蘭鴨兒芹",Celery,蔬菜類,12.0,0.8,0.1,2.4,46.0
E3700202,芹菜,"旱芹,藥芹,洋芹,白芹,塘蒿,和蘭鴨兒芹",Celery,蔬菜類,18.0,0.8,0.2,3.8,85.0
E3700301,西洋芹菜,"美國芹菜,洋芹菜,金白芹菜,巨無霸芹菜",Celery; American celery; Celeriac,蔬菜類,11.0,0.4,0.2,2.2,87.0
E3800101,大心芥菜,"大心菜,菜心,大骨芥菜,大莖菜",Big stem mustard,蔬菜類,13.0,1.0,0.0,2.5,12.0
E3800201,大芥菜,"芥菜,大心芥菜,大葉芥菜,長年菜,孤腰菜",Chinese mustard; Leaf mustard; Mustard,蔬菜類,19.0,0.8,0.5,3.4,35.0
E3800301,包心芥菜,"包心刈菜,捲心芥菜",Leaf mustard,蔬菜類,17.0,1.0,0.5,2.7,15.0
E38004,芥菜平均值,"刈菜,大菜,芥葉菜,雞冠菜,孤腰菜",Mustard green,蔬菜類,19.0,1.5,0.2,3.5,9.0
E3800401,芥菜,"刈菜,大菜,芥葉菜,雞冠菜,孤腰菜",Mustard green,蔬菜類,18.0,1.6,0.1,3.2,3.0
E3800402,雪裡蕻,"雪裡(裏)紅,雪菜,多葉藺蕓苔,千筋葉菜,春不老",Leaf mustard,蔬菜類,20.0,1.5,0.2,3.8,14.0
E3800501,抱子芥菜,娃娃菜,Brassica juncea var.,蔬菜類,21.0,2.1,0.1,3.8,4.0
E3900101,芥藍菜,"芥蘭菜,格藍菜,綠葉甘藍,佛光菜,隔暝仔菜",Chinese kale,蔬菜類,20.0,1.7,0.3,3.2,27.0
E3900201,芥藍芽,"菜嬰,格藍菜嬰",,蔬菜類,26.0,2.2,0.3,4.5,7.0
E4000101,芫荽,"香菜,香荽,胡荽,蒝荽,芫蓑,松鬚菜",Chinese parsley,蔬菜類,26.0,2.3,0.3,4.5,17.0
E4100101,紅梗珍珠菜,"角菜,香芹(甜)菜,山芹菜,甜菜,乳白艾,香甜菜,納艾香",Lysimachia fortunei Maxim.,蔬菜類,37.0,2.6,1.0,5.6,12.0
E4200101,食茱萸,"刺楤,紅刺楤,刺江某,越椒,艾子,茱萸,刺公牡",Fagara ailanthoides Engl. Zanthoxylum ailanthoides S. et Z.,蔬菜類,127.0,11.9,0.3,23.8,5.0
E4300101,香樁,"椿,紅椿(樹),椿樹,杶,春芽(陽)樹,椿樗,櫄,虎目樹,大眼桐,栲,大紅椿樹",,蔬菜類,99.0,4.3,1.5,19.4,17.0
E4400101,茴香,"蘹香,小茴香,茴香子,臭蒝荽,客人蒝荽,香絲菜,茴香八角珠,蒝荽",Fennel,蔬菜類,24.0,2.2,0.2,4.1,50.0
E4500101,馬齒莧,"豬母乳(菜/草),寶釧菜,長命菜,荷蘭菜,馬尺莧,瓜子菜,五行(才)草,馬子菜,地馬菜,醬瓣頭草",Purslane,蔬菜類,14.0,1.2,0.4,1.9,94.0
E4600101,茼蒿,"茼蒿菜,春菊,打某(妻)菜,苳蒿菜,花冠菊,艾菜,蓬蒿,菊蒿菜,菊花菜,實盡菜",Garland Chrysanthemum,蔬菜類,16.0,1.7,0.3,2.2,69.0
E4600201,日本茼蒿(有機),"春菊,山茼蒿,小葉茼蒿",Garland Chrysanthemum,蔬菜類,26.0,1.9,0.2,4.8,179.0
E4600301,昭和草,"山茼蒿,野茼蒿,太子原,飛機草,神仙草",,蔬菜類,26.0,2.2,0.7,3.8,9.0
E4700101,隼人瓜苗,"隼人瓜鬚,佛手瓜苗(鬚),香櫞瓜苗(鬚),梨瓜苗(鬚),番瓜鬚(龍鬚菜是誤用)",,蔬菜類,24.0,3.3,0.2,3.5,3.0
E4800101,白莧菜,"杏菜,荇菜,莕菜,茵菜,白杏菜,白荇菜",Edible amaranth; Chinese amaranth,蔬菜類,17.0,1.9,0.3,2.6,20.0
E4800201,紅莧菜,"紅莧,虎菜,紅虎莧,赤莧,紅杏(荇)菜,赤杏菜,紫杏(莧)菜",Edible amaranth; Chinese amaranth,蔬菜類,22.0,2.6,0.3,3.3,12.0
E4800301,野莧菜,"野莧(杏),綠莧,豬莧,鳥仔莧(杏),假莧(杏)菜,山荇(杏,莧)菜,",Edible amaranth; Chinese amaranth,蔬菜類,41.0,6.3,0.6,4.9,20.0
E4900101,紫蘇,"蘇草,紅(赤/綠/青)紫蘇,桂荏",perilla,蔬菜類,71.0,5.5,1.2,11.9,1.0
E5000101,菠菜,"菠菱菜,赤根菜,飛龍菜,角菜,波斯草,波斯菜,波菱菜",Spinach,蔬菜類,18.0,2.2,0.3,2.4,43.0
E5000201,菠菜(葉)(有機),"菠菱菜,赤根菜,飛龍菜,角菜,波斯草,波斯菜,波菱菜",,蔬菜類,26.0,3.3,0.4,3.6,106.0
E5000301,冷凍菠菜,"菠菱菜,赤根菜,飛龍菜,角菜,波斯草,波斯菜,波菱菜",Spinach: frozen,蔬菜類,17.0,2.1,0.0,2.9,46.0
E5100101,菾菜,"葉用甜菜,莙薘菜,牛皮菜,豬乸菜",,蔬菜類,21.0,2.0,0.1,3.7,108.0
E5100201,黃金菾菜,"黃金火焰菜,君達菜,甜菜",Garden Beet;Table Beet;Swiss Chard;Spinach Beet;Chard;White Beet,蔬菜類,18.0,2.4,0.2,2.6,77.0
E5200101,落葵,"皇宮菜,蟳菜,胭(臙)脂菜,紅落葵,潺菜,蔠菜,藤葵,藤菜,天葵,御菜,牛皮凍",Malaber spinach; Ceylon spinach;malabar nightshade,蔬菜類,33.0,2.7,0.3,6.0,49.0
E5200201,藤三七,"洋落葵,蔓安迪,落葵安迪,藤子三七,雲南白藥,小年藥,馬德拉藤,金錢珠,中枝蓮(習以川七誤稱)",Madeira vine,蔬菜類,21.0,1.6,0.5,3.2,25.0
E53001,不結球萵苣平均值,"葉萵苣,葉萵,萵仔菜,刈葉萵苣,生菜,妹(媚)仔菜,鵝仔菜(草),春不老,印度萵苣",Lettuce; (Chinese) Leaf lettuce; Gardon lettuce,蔬菜類,16.0,1.1,0.3,2.8,8.0
E5300101,奶油萵苣(日本種),"葉萵苣,葉萵,萵仔菜,刈葉萵苣,生菜,妹(媚)仔菜,鵝仔菜(草),春不老,印度萵苣",Lettuce;,蔬菜類,16.0,1.1,0.3,2.6,1.0
E5300102,紅葉萵苣(荷蘭種）,"彩葉萵苣,彩色媚仔菜,紅色萵苣菜,紅萵仔菜",Lettuce;,蔬菜類,16.0,1.4,0.3,2.5,1.0
E5300103,廣東萵苣,"皺葉萵苣,縮葉萵苣,皺萵仔菜,皺妹菜",Lettuce;,蔬菜類,20.0,1.0,0.2,4.0,11.0
E5300104,蘿美萵苣,"葉萵苣,葉萵,萵仔菜,刈葉萵苣,生菜,妹(媚)仔菜,鵝仔菜(草),春不老,印度萵苣(大陸妹)",romaine lettuce: organic,蔬菜類,13.0,1.0,0.2,2.3,20.0
E5300201,本島萵苣(土植)(1月取樣),"葉萵苣,葉萵,萵仔菜,刈葉萵苣,生菜,妹(媚)仔菜,鵝仔菜(草),春不老,印度萵苣",Lettuce,蔬菜類,17.0,1.6,0.4,2.5,65.0
E5300202,本島萵苣(土植)(3月取樣),"葉萵苣,葉萵,萵仔菜,刈葉萵苣,生菜,妹(媚)仔菜,鵝仔菜(草),春不老,印度萵苣",Lettuce,蔬菜類,18.0,0.3,0.3,3.8,9.0
E5300203,本島萵苣(土植)(4月取樣),"葉萵苣,葉萵,萵仔菜,刈葉萵苣,生菜,妹(媚)仔菜,鵝仔菜(草),春不老,印度萵苣",Lettuce;,蔬菜類,17.0,0.9,0.2,3.3,46.0
E5300204,本島萵苣(土植)(7月取樣),"葉萵苣,葉萵,萵仔菜,刈葉萵苣,生菜,妹(媚)仔菜,鵝仔菜(草),春不老,印度萵苣",Lettuce;,蔬菜類,23.0,1.4,0.3,4.4,90.0
E5300205,本島萵苣(土植)(10月取樣),"葉萵苣,葉萵,萵仔菜,刈葉萵苣,生菜,妹(媚)仔菜,鵝仔菜(草),春不老,印度萵苣",Lettuce;,蔬菜類,14.0,1.1,0.3,2.2,7.0
E5300301,本島萵苣(水耕)(1月取樣),"葉萵苣,葉萵,萵仔菜,刈葉萵苣,生菜,妹(媚)仔菜,鵝仔菜(草),春不老,印度萵苣",Lettuce;,蔬菜類,14.0,1.6,0.2,2.1,3.0
E5300302,本島萵苣(水耕)(4月取樣),"葉萵苣,葉萵,萵仔菜,刈葉萵苣,生菜,妹(媚)仔菜,鵝仔菜(草),春不老,印度萵苣",Lettuce;,蔬菜類,15.0,1.0,0.2,2.7,2.0
E5300303,本島萵苣(水耕)(7月取樣),"葉萵苣,葉萵,萵仔菜,刈葉萵苣,生菜,妹(媚)仔菜,鵝仔菜(草),春不老,印度萵苣",Lettuce;,蔬菜類,13.0,1.4,0.2,1.9,3.0
E5300304,本島萵苣(水耕)(10月取樣),"葉萵苣,葉萵,萵仔菜,刈葉萵苣,生菜,妹(媚)仔菜,鵝仔菜(草),春不老,印度萵苣",Lettuce;,蔬菜類,12.0,1.1,0.3,1.6,3.0
E5300401,本島萵苣(有機)(1月取樣),"葉萵苣,葉萵,萵仔菜,刈葉萵苣,生菜,妹(媚)仔菜,鵝仔菜(草),春不老,印度萵苣",Lettuce:organic,蔬菜類,15.0,1.8,0.0,2.6,47.0
E5300402,本島萵苣(有機)(4月取樣),"葉萵苣,葉萵,萵仔菜,刈葉萵苣,生菜,妹(媚)仔菜,鵝仔菜(草),春不老,印度萵苣",Lettuce:organic,蔬菜類,19.0,1.1,0.3,3.5,13.0
E5300403,本島萵苣(有機)(7月取樣),"葉萵苣,葉萵,萵仔菜,刈葉萵苣,生菜,妹(媚)仔菜,鵝仔菜(草),春不老,印度萵苣",Lettuce:organic,蔬菜類,17.0,1.5,0.3,2.7,17.0
E5300404,本島萵苣(有機)(10月取樣),"葉萵苣,葉萵,萵仔菜,刈葉萵苣,生菜,妹(媚)仔菜,鵝仔菜(草),春不老,印度萵苣",Lettuce:organic,蔬菜類,15.0,1.3,0.3,2.3,9.0
E5300501,水耕波士頓萵苣,,Lettuce,蔬菜類,14.0,1.3,0.7,1.2,2.0
E5300601,結球萵苣,"球萵苣,包心萵苣,捲心萵苣,生菜,包心媚仔菜,結球妹仔菜",Head lettuce,蔬菜類,13.0,0.7,0.1,2.8,7.0
E5400101,豌豆苗,"豆苗,豆鬚,荷蘭豆苗(鬚),飛龍豆苗",sweet pea sprout,蔬菜類,31.0,3.7,0.5,4.4,4.0
E5500101,龍葵,"黑甜菜,烏甜(田)菜,烏甜仔,烏子(克)菜,烏子茄,苦葵(菜),天茄子,天泡草,老鴉酸漿草",morelle,蔬菜類,26.0,3.8,0.3,3.4,32.0
E5600101,蕹菜(土植)(1月取樣),"空心菜,應菜,壅菜,甕菜,草菜,無心菜,藤藤菜,竹葉菜,葛菜",Water convolvulus; Water spinach;,蔬菜類,22.0,2.0,0.3,3.5,166.0
E5600102,蕹菜(土植)(4月取樣),"空心菜,應菜,壅菜,甕菜,草菜,無心菜,藤藤菜,竹葉菜,葛菜",Water convolvulus; Water spinach;,蔬菜類,20.0,1.7,0.2,3.5,113.0
E5600103,蕹菜(土植)(7月取樣),"空心菜,應菜,壅菜,甕菜,草菜,無心菜,藤藤菜,竹葉菜,葛菜",Water convolvulus; Water spinach;,蔬菜類,17.0,1.9,0.1,2.8,97.0
E5600104,蕹菜(土植)(10月取樣),"空心菜,應菜,壅菜,甕菜,草菜,無心菜,藤藤菜,竹葉菜,葛菜",Water convolvulus; Water spinach;,蔬菜類,17.0,1.8,0.3,2.6,122.0
E5600201,蕹菜(水耕)(1月取樣),"空心菜,應菜,壅菜,甕菜,草菜,無心菜,藤藤菜,竹葉菜,葛菜",Water convolvulus; Water spinach;,蔬菜類,27.0,2.7,0.3,4.5,15.0
E5600202,蕹菜(水耕)(4月取樣),"空心菜,應菜,壅菜,甕菜,草菜,無心菜,藤藤菜,竹葉菜,葛菜",Water convolvulus; Water spinach;,蔬菜類,24.0,2.2,0.1,4.3,13.0
E5600203,蕹菜(水耕)(7月取樣),"空心菜,應菜,壅菜,甕菜,草菜,無心菜,藤藤菜,竹葉菜,葛菜",Water convolvulus; Water spinach:organic,蔬菜類,17.0,1.9,0.2,2.7,8.0
E5600204,蕹菜(水耕)(10月取樣),"空心菜,應菜,壅菜,甕菜,草菜,無心菜,藤藤菜,竹葉菜,葛菜",Water convolvulus; Water spinach;,蔬菜類,23.0,2.2,0.3,3.8,29.0
E5600301,蕹菜(有機)(4月取樣),"空心菜,應菜,壅菜,甕菜,草菜,無心菜,藤藤菜,竹葉菜,葛菜",Water convolvulus; Water spinach:organic,蔬菜類,26.0,1.9,0.3,4.7,62.0
E5600302,蕹菜(有機)(10月取樣),"空心菜,應菜,壅菜,甕菜,草菜,無心菜,藤藤菜,竹葉菜,葛菜",Water convolvulus; Water spinach:organic,蔬菜類,19.0,1.7,0.4,3.0,33.0
E5600401,水蕹菜,,,蔬菜類,24.0,2.6,0.5,3.3,41.0
E5700101,蘿蔔葉,葉蘿蔔,,蔬菜類,14.0,1.7,0.2,2.0,214.0
E5800101,花椰菜,"花菜,菜花,白花菜,白菜花",Cauliflower,蔬菜類,23.0,1.8,0.1,4.5,14.0
E5800201,冷凍花椰菜,"花菜,菜花,白花菜,白菜花",Cauliflower: frozen,蔬菜類,21.0,1.3,0.1,4.5,33.0
E5800301,紫色花椰菜,,Cauliflower(purple),蔬菜類,40.0,3.1,0.3,7.6,20.0
E5800401,青花菜(1999年取樣),"(青花菜非綠色花椰菜)青(綠)花菜,美國花菜,青花苔,花(青)菜苔,菜苔,花菜苞",Broccoli,蔬菜類,28.0,3.7,0.2,4.4,15.0
E5800402,青花菜(2021年取樣),"(青花菜非綠色花椰菜)青(綠)花菜,美國花菜,青花苔,花(青)菜苔,菜苔,花菜苞",Broccoli,蔬菜類,38.0,3.4,0.4,6.5,13.0
E5800501,冷凍青花菜,"(青花菜非綠色花椰菜)青(綠)花菜,美國花菜,青花苔,花(青)菜苔,菜苔,花菜苞",Broccoli:frozen,蔬菜類,25.0,2.5,0.2,4.4,11.0
E5800601,青花菜筍,,,蔬菜類,32.0,3.0,0.5,5.1,6.0
E5810101,花椰菜乾,,Cauliflower:dried,蔬菜類,291.0,16.0,0.6,62.5,177.0
E5900101,金針菜,"萱草,金針花,金針,黃花(菜),萱花",Day-lily; Common orange Day-lily,蔬菜類,40.0,2.4,0.5,7.4,2.0
E5910101,金針菜乾,"萱草,金針花,金針,黃花(菜),萱花",Dried day-lily; dried common orange Day-lily,蔬菜類,307.0,14.3,1.8,65.4,1485.0
E6010101,洛神花乾,"玫瑰茄,洛神葵,洛神果,洛濟葵",,蔬菜類,306.0,9.0,0.6,71.2,17.0
E6100101,絲瓜花,菜瓜花,Vegetable sponge flower,蔬菜類,31.0,3.9,0.3,4.8,6.0
E62001,冬瓜平均值,"白瓜,東瓜,枕瓜,水芝,地芝",Wax gourd; White gourd; Ash gourd; Chinese waterme,蔬菜類,11.0,0.4,0.1,2.4,2.0
E6200101,冬瓜,"白瓜,東瓜,枕瓜,水芝,地芝",Wax gourd; White gourd; winter melon,蔬菜類,13.0,0.4,0.1,2.7,3.0
E6200102,香芋冬瓜,"白瓜,東瓜,枕瓜,水芝,地芝",Wax gourd; White gourd; winter melon,蔬菜類,9.0,0.4,0.0,2.0,1.0
E6200103,冬瓜(2022年取樣),"白瓜,東瓜,枕瓜,水芝,地芝",Wax gourd; White gourd; winter melon,蔬菜類,21.0,0.4,0.0,5.1,0.0
E63001,南瓜平均值,"金瓜,飯瓜,番(翻)瓜,倭(窩)瓜,紅(冬/西洋)南瓜,南瓜,北瓜,玉瓜,筍瓜",Pumkin; Chinese squash; Cashaw,蔬菜類,74.0,1.9,0.2,17.3,1.0
E6300101,日本南瓜,"金瓜,飯瓜,番(翻)瓜,倭(窩)瓜,紅(冬/西洋)南瓜,南瓜,北瓜,玉瓜,筍瓜",Pumpkin;,蔬菜類,86.0,0.6,0.4,20.8,3.0
E6300102,台灣南瓜,"金瓜,飯瓜,番(翻)瓜,倭(窩)瓜,紅(冬/西洋)南瓜,南瓜,北瓜,玉瓜,筍瓜",Pumpkin;,蔬菜類,49.0,1.7,0.2,11.1,1.0
E6300103,栗子南瓜,"金瓜,飯瓜,番(翻)瓜,倭(窩)瓜,紅(冬/西洋)南瓜,南瓜,北瓜,玉瓜,筍瓜",Pumpkin,蔬菜類,86.0,1.4,0.2,20.7,1.0
E6300104,菊花南瓜,"金瓜,飯瓜,番(翻)瓜,倭(窩)瓜,紅(冬/西洋)南瓜,南瓜,北瓜,玉瓜,筍瓜",Pumpkin;,蔬菜類,76.0,3.8,0.1,16.8,1.0
E6400101,胡瓜,"大黃瓜,刺瓜,黃瓜,生瓜,王瓜,花瓜,黑瓜,大瓜",Cucumber,蔬菜類,14.0,0.7,0.1,2.9,3.0
E6400201,花胡瓜(有機),"小黃瓜,花瓜,小胡瓜,小刺瓜",Cucumber,蔬菜類,15.0,0.8,0.1,3.1,1.0
E6500101,苦瓜(白皮),"錦荔枝,癩蒲萄,涼瓜,癩瓜,紅姑娘",Bitter gourd; Balsam pear; Bitter melon,蔬菜類,19.0,0.9,0.1,4.1,3.0
E6500201,苦瓜(青皮),"錦荔枝,癩蒲萄,涼瓜,癩瓜,紅姑娘",Bitter gourd; Balsam pear ; Bitter melon,蔬菜類,20.0,0.9,0.1,4.2,1.0
E6500301,珍珠苦瓜,"錦荔枝,癩蒲萄,涼瓜,癩瓜,紅姑娘(青苦瓜)",Bitter gourd; Balsam pear ; Bitter melon,蔬菜類,19.0,0.7,0.1,4.2,0.0
E6500401,野苦瓜,"山苦瓜,青小苦瓜,小苦瓜,野生苦瓜,短苦瓜,野癩瓜",Bitter gourd; Balsam pear;  Bitter melon,蔬菜類,30.0,1.7,0.6,5.3,6.0
E6600101,隼人瓜,"梨瓜,壽瓜,合掌瓜,安南瓜,香瓜仔,拳頭瓜,佛掌瓜、香圓瓜,香櫞瓜,佛手瓜,瓦瓜",chayote,蔬菜類,23.0,0.7,0.1,5.2,6.0
E6600102,隼人瓜(2023年取樣),"梨瓜,壽瓜,合掌瓜,安南瓜,香瓜仔,拳頭瓜,佛掌瓜、香圓瓜,香櫞瓜,佛手瓜,瓦瓜",Chayote,蔬菜類,22.0,0.7,0.2,4.5,0.0
E6700101,白皮蛇瓜,"蛇王瓜,毛烏瓜",Snake gourd;,蔬菜類,19.0,1.4,0.3,3.2,22.0
E6700201,綠皮蛇瓜,"蛇王瓜,毛烏瓜",Snake gourd;,蔬菜類,32.0,1.9,0.6,5.6,10.0
E6800101,絲瓜,"菜瓜,布瓜,蠻瓜,天絲瓜,水瓜,天羅,天絡,仙人拐,魚鰦",Sponge gourd; Smooth loofah; dishcloth gourd,蔬菜類,19.0,1.1,0.1,3.9,0.0
E6800201,稜角絲瓜,"澎湖絲瓜,十角絲瓜,十捻菜瓜,角瓜,廣東絲瓜,雨傘絲瓜,金門絲瓜,香港絲瓜",Angled luffa;,蔬菜類,20.0,0.9,0.2,4.1,5.0
E6900101,越瓜,"醃瓜,菴瓜,梢瓜,酥瓜,甜瓜,羊角瓜,稍瓜,生瓜,白瓜,青瓜,百香胡瓜",Oriental pickling melon,蔬菜類,18.0,0.6,0.1,4.1,2.0
E70001,蒲瓜平均值,"扁蒲,蒲仔,瓠子(瓜/餔),匏仔(瓜),葫蘆瓜,瓢簞,天瓜,龍蛋瓜,蒲(葫/壺)蘆",Bottle(hairy) gourd;White flowered gourd; Calabash,蔬菜類,18.0,0.5,0.1,4.0,1.0
E7000101,蒲瓜(長形),"扁蒲,蒲仔,瓠瓜,匏瓜,葫蘆瓜,瓢簞,天瓜,龍蛋瓜,蒲(葫/壺)蘆",,蔬菜類,19.0,0.5,0.1,4.2,2.0
E7000102,蒲瓜(圓形),"扁蒲,蒲仔,瓠瓜,匏瓜,葫蘆瓜,瓢簞,天瓜,龍蛋瓜,蒲(葫/壺)蘆",Bottle(hairy) gourd;White flowered gourd; Calabash,蔬菜類,18.0,0.6,0.1,4.0,0.0
E7000201,花蒲瓜(圓形),"扁蒲,蒲仔,瓠瓜,匏瓜,葫蘆瓜,瓢簞,天瓜,龍蛋瓜,蒲(葫/壺)蘆",Calabash gourd,蔬菜類,15.0,0.3,0.0,3.5,0.0
E7000301,葫蘆瓜,"扁蒲,蒲仔,瓠瓜,匏瓜,葫蘆瓜,瓢簞,天瓜,龍蛋瓜,蒲(葫/壺)蘆",white-flowered gourd.;Lagenaria vulgaris Ser.,蔬菜類,20.0,0.5,0.3,4.1,0.0
E7100101,黃櫛瓜,,Zucchini,蔬菜類,15.0,1.5,0.1,2.7,0.0
E7100201,綠櫛瓜,,Zucchini,蔬菜類,13.0,2.2,0.0,1.8,0.0
E7210101,枸杞乾,"枸杞,地骨子,甘杞,杞子,枸忌,苦杞,血杞,天精子",,蔬菜類,347.0,12.3,1.3,77.8,521.0
E7300101,長茄子,"茄,茄仔,紅皮菜,紅茄(菜),紅茄仔,落蘇,崑崙瓜,紫瓜,酪酥,小蓏,長茄",Eggplant,蔬菜類,25.0,1.2,0.2,5.3,2.0
E7300201,圓茄子,"日本茄子,迷你茄",Eggplant,蔬菜類,21.0,1.0,0.0,4.5,2.0
E74001,大番茄平均值(紅色系),"柑仔蜜,甘仔(阿)蜜,草柿,臭柿仔,西紅柿,小金瓜,番柿,六月柿,洋柿(茄)子,紅茄,毛臘果",Tomato,蔬菜類,19.0,0.8,0.1,4.1,2.0
E7400101,牛番茄,"柑(甘)仔蜜,草(番,西紅,六月)柿,臭柿仔,小金瓜,洋柿(茄)子,紅茄,毛臘果",Tomato,蔬菜類,19.0,0.7,0.1,4.0,2.0
E7400102,紅番茄,"柑(甘)仔蜜,草(番,西紅,六月)柿,臭柿仔,小金瓜,洋柿(茄)子,紅茄,毛臘果",Tomato,蔬菜類,20.0,0.9,0.0,4.4,2.0
E7400103,桃太郎番茄,"柑(甘)仔蜜,草(番,西紅,六月)柿,臭柿仔,小金瓜,洋柿(茄)子,紅茄,毛臘果",Tomato,蔬菜類,17.0,0.7,0.0,4.0,3.0
E7400201,黃番茄,"柑(甘)仔蜜,草(番,西紅,六月)柿,臭柿仔,小金瓜,洋柿(茄)子,紅茄,毛臘果",Tomato,蔬菜類,23.0,0.9,0.0,5.3,3.0
E74003,大番茄平均值(綠色系),"柑仔蜜,甘仔(阿)蜜,草柿,臭柿仔,西紅柿,小金瓜,番柿,六月柿,洋柿(茄)子,紅茄,毛臘果",Tomato,蔬菜類,22.0,0.7,0.1,5.0,3.0
E7400301,粉柿番茄,"柑(甘)仔蜜,草(番,西紅,六月)柿,臭柿仔,小金瓜,洋柿(茄)子,紅茄,毛臘果(粉柿仔)",Tomato,蔬菜類,18.0,0.8,0.0,4.0,2.0
E7400302,黑柿番茄,"柑(甘)仔蜜,草(番,西紅,六月)柿,臭柿仔,小金瓜,洋柿(茄)子,紅茄,毛臘果",Tomato,蔬菜類,23.0,0.4,0.1,5.6,1.0
E7400303,綠番茄,"柑(甘)仔蜜,草(番,西紅,六月)柿,臭柿仔,小金瓜,洋柿(茄)子,紅茄,毛臘果",Tomato,蔬菜類,25.0,0.9,0.1,5.4,6.0
E74004,小番茄平均值(紅色系),"柑仔蜜,甘仔(阿)蜜,草柿,臭柿仔,西紅柿,小金瓜,番柿,六月柿,洋柿(茄)子,紅茄,毛臘果",Tomato,蔬菜類,33.0,0.9,0.2,7.4,6.0
E7400401,聖女小番茄,"柑(甘)仔蜜,草(番,西紅,六月)柿,臭柿仔,小金瓜,洋柿(茄)子,紅茄,毛臘果",Tomato,蔬菜類,34.0,1.1,0.5,6.9,10.0
E7400402,試交二號小番茄,"柑(甘)仔蜜,草(番,西紅,六月)柿,臭柿仔,小金瓜,洋柿(茄)子,紅茄,毛臘果",Tomato,蔬菜類,30.0,0.7,0.0,7.2,3.0
E7400403,櫻桃小番茄,"柑(甘)仔蜜,草(番,西紅,六月)柿,臭柿仔,小金瓜,洋柿(茄)子,紅茄,毛臘果",Tomato,蔬菜類,34.0,0.9,0.1,8.1,6.0
E7400501,黃金小蕃茄,"柑(甘)仔蜜,草(番,西紅,六月)柿,臭柿仔,小金瓜,洋柿(茄)子,紅茄,毛臘果",Tomato,蔬菜類,31.0,0.8,0.2,6.8,3.0
E74006,小番茄平均值(橙色系),"柑(甘)仔蜜,草(番,西紅,六月)柿,臭柿仔,小金瓜,洋柿(茄)子,紅茄,毛臘果",,蔬菜類,31.0,1.1,0.2,6.9,4.0
E7400601,金女小番茄,"柑(甘)仔蜜,草(番,西紅,六月)柿,臭柿仔,小金瓜,洋柿(茄)子,紅茄,毛臘果",Tomato,蔬菜類,30.0,1.1,0.1,6.6,4.0
E7400602,黃金聖女小番茄,"柑(甘)仔蜜,草(番,西紅,六月)柿,臭柿仔,小金瓜,洋柿(茄)子,紅茄,毛臘果",Tomato,蔬菜類,31.0,1.0,0.1,7.0,3.0
E7400603,橙蕃茄,"柑(甘)仔蜜,草(番,西紅,六月)柿,臭柿仔,小金瓜,洋柿(茄)子,紅茄,毛臘果",Tomato,蔬菜類,32.0,1.2,0.2,7.0,3.0
E7400701,香瓜茄,"香瓜梨,南美香瓜梨",Pepino; Melon pear,蔬菜類,26.0,0.4,0.1,6.2,3.0
E75001,甜椒平均值(青皮),"青椒,(甜)番椒,青辣椒,大同仔,番羌仔,燈籠椒,生番薑,獅子椒,甘椒,生椒",Sweet pepper; Bell pepper,蔬菜類,29.0,1.0,0.4,5.9,2.0
E7500101,甜椒(青皮),"甜椒,甜番椒,大同仔,番羌仔,燈籠椒,生番薑,獅子椒,甘椒,生椒(青椒,青辣椒)",Sweet pepper; Bell pepper,蔬菜類,23.0,0.8,0.3,4.9,4.0
E7500102,小甜椒(青皮),"甜椒,甜番椒,大同仔,番羌仔,燈籠椒,生番薑,獅子椒,甘椒,生椒(青椒,青辣椒)",Sweet pepper; Bell pepper,蔬菜類,35.0,1.4,0.5,6.8,0.0
E7500103,高山甜椒(青皮),"甜椒,甜番椒,大同仔,番羌仔,燈籠椒,生番薑,獅子椒,甘椒,生椒(青椒,青辣椒)",Sweet pepper; Bell pepper,蔬菜類,30.0,0.9,0.6,6.0,2.0
E7500201,甜椒(紅皮),"甜椒,甜番椒,大同仔,番羌仔,燈籠椒,生番薑,獅子椒,甘椒,生椒(紅椒,紅番(辣)椒,紅色大唐)",Sweet pepper; Bell pepper,蔬菜類,33.0,0.8,0.5,7.1,1.0
E7500301,甜椒(黃皮),"甜椒,甜番椒,大同仔,番羌仔,燈籠椒,生番薑,獅子椒,甘椒,生椒",Sweet pepper; Bell pepper,蔬菜類,28.0,0.8,0.3,6.0,1.0
E7500401,甜椒(橙皮),"甜椒,甜番椒,大同仔,番羌仔,燈籠椒,生番薑,獅子椒,甘椒,生椒",Sweet pepper; Bell pepper,蔬菜類,35.0,0.9,0.3,7.7,2.0
E75005,青辣椒平均值,"辣椒,番椒,番仔薑,臘椒(牛角辣椒,羊角辣椒,長辣(番)椒,青辣椒)",Hot pepper; Long pepper; Pepper,蔬菜類,33.0,1.3,0.3,6.9,2.0
E7500501,角椒,"辣椒,番椒,番仔薑,臘椒",Hot pepper; Long pepper; Pepper,蔬菜類,22.0,0.9,0.2,4.7,2.0
E7500502,長辣椒(青皮),"辣椒,番椒,番仔薑,臘椒",Hot pepper; Long pepper; Pepper,蔬菜類,49.0,1.9,0.4,10.3,3.0
E7500503,糯米椒,"辣椒,番椒,番仔薑,臘椒(伏見甘長辣椒)",Hot pepper; Long pepper; Pepper,蔬菜類,28.0,1.2,0.3,5.6,1.0
E75006,紅辣椒平均值,"辣椒,番椒,番仔薑,牛角辣椒,羊角辣椒,長辣(番)椒,紅辣椒,臘椒",Hot pepper; Long pepper; Pepper,蔬菜類,80.0,3.6,0.9,16.4,6.0
E7500601,長辣椒(紅皮),"辣椒,番椒,番仔薑,臘椒",Hot pepper; Long pepper; Pepper,蔬菜類,48.0,2.4,0.7,9.3,14.0
E7500602,朝天椒(長果),"辣椒,番椒,番仔薑,臘椒,指(向)天椒,赤穗生番椒,叢果番椒,海椒",Hot pepper;  Pepper; Red cluster pepper,蔬菜類,90.0,3.4,1.3,17.9,3.0
E7500603,朝天椒(圓果),"辣椒,番椒,番仔薑,臘椒,指(向)天椒,赤穗生番椒,叢果番椒,海椒(雞心椒)",Hot pepper; Long pepper; Pepper,蔬菜類,103.0,4.9,0.5,21.9,2.0
E7510101,乾長辣椒(紅皮),"辣椒,番椒,番仔薑,臘椒",Hot pepper; Long pepper; Pepper,蔬菜類,382.0,19.9,17.2,47.6,40.0
E7600101,黃秋葵,"秋葵,羊角豆,黃蜀葵,食香槿,假三念,黃葵",okra， okro， bamia， bamies， bamya， gumbo,蔬菜類,36.0,2.1,0.1,7.5,9.0
E7700101,青花菜芽,"青花椰苗,青花菜苗,花菜苔芽",Broccoli Sprouts,蔬菜類,35.0,2.8,1.0,4.9,1.0
E7700201,苜蓿芽,苜蓿嬰,Alfalfa sprout:organic,蔬菜類,20.0,3.2,0.2,2.5,65.0
E7700301,紫甘藍芽,,,蔬菜類,32.0,0.2,0.7,6.6,2.0
E7700401,黃豆芽,大豆芽,Soybean sprout:organic,蔬菜類,47.0,5.3,1.6,5.0,7.0
E7700402,"黃豆芽(有機,2023年取樣)",大豆芽,Soybean sprout:organic,蔬菜類,41.0,5.1,1.0,5.0,2.0
E7700501,黑豆芽,,Black bean sprout:organic,蔬菜類,52.0,6.6,1.1,6.4,3.0
E7700601,葵花芽,,Sunflower sprout:organic,蔬菜類,26.0,2.5,0.4,4.3,1.0
E7700701,綠豆芽,"豆芽菜,豆菜,綠豆菜",Mung bean sprout; bean sprout; Green gram,蔬菜類,24.0,2.3,0.2,4.1,16.0
E7700801,豌豆芽,"豌豆嬰,荷蘭豆芽(嬰)",Pea sprouts,蔬菜類,25.0,4.0,0.4,2.9,2.0
E7700901,蕎麥芽,"烏麥芽,花蕎芽,荍麥芽",Buckwheat sprout :Organic,蔬菜類,20.0,1.9,0.2,3.4,4.0
E7701001,蘿蔔芽,"蘿蔔嬰,菜頭嬰(苗/芽),菜頭苗,貝芽菜","Radish sprout, Chinese radish sprout:Organic",蔬菜類,24.0,2.1,0.4,3.9,7.0
E8700101,山蘇菜,"山蘇花,鳥巢蕨,山翅菜,雀(鳥)巢羊齒,歪頭 菜,巢鐵角蕨,掌草",Asplenium antiguum Mak.,蔬菜類,26.0,3.0,0.2,4.4,5.0
E8800101,火炭母草,"川七,清飯藤,冷飯藤,雞糞(屎)藤,烏炭子",Notoginseng Radix,蔬菜類,12.0,1.6,0.4,1.2,26.0
E8900101,石蓮花,蓮座草,,蔬菜類,11.0,0.4,0.1,2.2,40.0
E9000101,青葙,"野雞冠,雞冠莧,筆雞冠,草決明",Amarnthus argenta L.,蔬菜類,50.0,2.5,1.6,7.7,44.0
E9100101,假人蔘,"土人參,參仔葉(草),土高麗參,臺灣(野)參,櫨蘭,東洋參,參草",,蔬菜類,32.0,1.6,2.2,2.2,17.0
E9200101,野苦瓜嫩梢,,,蔬菜類,77.0,5.7,1.7,12.2,16.0
E9300101,過溝菜蕨,"過貓(溝),過貓(溝)菜,蕨山貓,食用雙囊蕨",Common bracken,蔬菜類,27.0,3.1,0.8,3.2,6.0
E9400101,蔘鬚,,,蔬菜類,330.0,7.0,1.8,76.2,32.0
E9500101,龍骨瓣莕菜,"水蓮菜,野蓮,銀蓮花,水皮蓮,刺種莕菜,捲瓣莕菜",White water snowflake,蔬菜類,17.0,1.1,0.3,3.1,111.0
E9600101,薄荷,"仁丹草,升陽藥,南薄荷,夜息花,野薄荷,新卜荷",Mint; Unicorn leather jacket,蔬菜類,55.0,3.1,0.6,10.9,14.0
E9700101,蕺菜,"魚腥草,臭腥草,臭臊草,臭瘥草,手藥",,蔬菜類,46.0,3.2,0.9,7.7,23.0
E9800101,蘆薈,盧會,Aloe;,蔬菜類,4.0,0.1,0.4,0.2,18.0
E9900101,皇宮菜,,U.S.water spinach， ipom(o)ea， water convolvulus,蔬菜類,22.0,2.2,0.3,3.5,20.0
E9900201,香芫荽,,,蔬菜類,23.0,2.4,0.2,3.9,74.0
E9900301,荷蘭豆菜心,,Pea bud,蔬菜類,30.0,3.9,0.6,3.9,9.0
E9900401,厥子,,Fern bud,蔬菜類,23.0,2.3,0.2,3.9,3.0
E9900501,義大利茼蒿,,,蔬菜類,15.0,1.6,0.4,1.9,1.0
E9900601,龍延草,,,蔬菜類,79.0,3.9,2.3,12.7,22.0
E9900701,麵包果,"釋迦果,馬檳榔",Bread-fruit Tree,蔬菜類,61.0,1.0,1.8,11.2,2.0
E9900801,冰花,"冰菜,水晶冰花,冰葉日中花",Ice plant,蔬菜類,7.0,0.8,0.1,1.0,445.0
F0110101,紅毛苔,"海發菜,海髮菜,頭髮菜,紅毛菜",,藻類,265.0,39.9,1.9,36.9,209.0
F0210101,紫菜,海苔,"Laver, nori",藻類,268.0,28.1,0.9,47.9,968.0
F0210102,熟紫菜,海苔,"Laver, nori",藻類,294.0,18.1,0.4,62.4,517.0
F0310101,髮菜,"頭髮菜,紅毛菜,發菜",Black moss; Hair-like seaw,藻類,302.0,10.3,0.5,69.5,107.0
F0400101,麒麟菜,"麒麟草,海麒麟草,海珊湖,珊湖藻(草),鹹(鹽/神/福)草",,藻類,41.0,1.0,0.0,9.9,16.0
F0410101,乾麒麟菜,"乾麒麟草,乾海麒麟草,乾海珊湖,乾珊湖藻(草),乾鹹(鹽/神/福)草",,藻類,189.0,1.2,0.5,46.7,14908.0
F0500101,礁膜,海菜(澎湖人稱),,藻類,16.0,0.3,0.1,3.7,77.0
F0610101,乾海茸芯,"海海洋竹笙,乾素蹄筋",,藻類,254.0,8.4,0.2,59.1,4196.0
F07001,海帶平均值,"江白菜,昆布,海昆布",Kelp; Sea weed,藻類,19.0,0.7,0.1,4.2,216.0
F0700101,海帶卷,"江白菜卷,昆布卷,海昆布卷",Kelp; Sea weed,藻類,14.0,0.7,0.2,2.8,367.0
F0700102,海帶茸,"江白菜茸,昆布茸,海昆布茸",,藻類,29.0,1.1,0.0,6.5,208.0
F0700103,海帶梗,海帶根,,藻類,14.0,0.4,0.0,3.2,122.0
F0700104,海帶結,"江白菜結,昆布結,海昆布結",,藻類,17.0,0.8,0.1,3.6,230.0
F0700105,海帶絲,"江白菜絲,昆布絲,海昆布絲",,藻類,22.0,0.7,0.1,5.0,151.0
F0710101,乾海帶,"乾江白菜,乾昆布,乾海昆布",Kelp; Sea weed: dried,藻類,220.0,10.0,1.1,47.3,3153.0
F0800101,裙帶菜,"海帶芽,嫩海帶",,藻類,58.0,5.0,0.0,11.6,9172.0
F0810101,乾裙帶菜,"乾海帶芽,乾嫩海帶",,藻類,225.0,22.9,0.7,40.8,8085.0
F0810201,乾裙帶菜根,"乾海帶芽根,乾嫩海帶根",,藻類,201.0,6.2,0.6,46.1,10170.0
F0910101,鳳尾藻,紫晶藻,,藻類,213.0,11.7,1.3,43.9,3957.0
F1000101,葛仙米藻,"雨來菇,地木耳,地軟兒,地皮菜,草皮菇,情人的眼淚",Star jlly,藻類,24.0,1.3,0.0,5.2,14.0
F9900201,壽司海苔片,,,藻類,278.0,46.5,3.7,32.1,387.0
G0100101,木耳,"黑木耳,桑耳,白背毛木耳,木樟(檽/菌/茸/蛾/樅),樹雞(毛木耳)",Jew's ear; Juda's ear; Agaric,菇類,38.0,0.9,0.1,8.8,12.0
G0100201,冷凍木耳,"黑木耳,桑耳,白背毛木耳,木樟(檽/菌/茸/蛾/樅),樹雞(毛木耳)",Juda's ear: frozen; Agaric: frozen; Jew's ear:froz,菇類,51.0,0.9,0.1,12.4,35.0
G01101,乾木耳平均值,"黑木耳,桑耳,白背毛木耳,木樟(檽/菌/茸/蛾/樅),樹雞(毛木耳)",Jew's ear: dry; Juda's ear: dry; Agaric: dry,菇類,333.0,13.8,0.7,74.7,28.0
G0110101,乾木耳(紅耳仔),"黑木耳,桑耳,白背毛木耳,木樟(檽/菌/茸/蛾/樅),樹雞(毛木耳)",Jew's ear: dry; Juda's ear: dry; Agaric: dry,菇類,329.0,6.1,0.2,79.8,44.0
G0110102,乾木耳(黑耳仔),"黑木耳,桑耳,白背毛木耳,木樟(檽/菌/茸/蛾/樅),樹雞(毛木耳)",Jew's ear: dry; Juda's ear: dry; Agaric: dry,菇類,338.0,21.4,1.2,69.6,12.0
G0110201,乾川耳,,,菇類,336.0,9.0,0.3,79.4,18.0
G0200101,銀耳,"白木耳,雪耳",white jelly fungi,菇類,31.0,1.1,0.0,7.2,5.0
G0200201,白毛木耳,"毛木耳(白化),雪珍耳",,菇類,45.0,1.2,0.1,10.6,2.0
G0210101,乾銀耳,"白木耳,雪耳",,菇類,310.0,9.3,1.2,70.8,27.0
G0300101,草菇,"蘭花菇,美味草菇,包腳菇,中國蘑菇,稈(麻/貢)菇,南華菇,家生菇(小包腳菇)",(Paddy) Straw mushroom; Agaricus; Button mushroom; Chinese mushroom,菇類,36.0,3.8,0.3,5.9,3.0
G0400101,雞腿菇,"雞腿(蘑)菇,雞髀菇,墨水菇,一夜菇(毛頭鬼傘)",Lawyer's wig; Shappy mane mushroom; Shappy ink cap,菇類,36.0,2.1,0.1,7.5,11.0
G0410101,雞腿菇(乾),"雞腿(蘑)菇,雞髀菇,墨水菇,一夜菇(毛頭鬼傘)",Lawyer's wig; Shappy mane mushroom; Shappy ink cap,菇類,298.0,20.1,1.4,59.8,73.0
G0500101,松茸,"台灣松茸,松口蘑,大花菌,松蕈,剝皮菌(台灣松口蘑)",,菇類,36.0,3.1,0.5,5.9,1.0
G0600101,雪白菇(長),"美白菇,白精靈菇",white beech mushroom,菇類,36.0,2.1,0.4,6.9,1.0
G0700101,柳松菇,"柳松茸,茶樹菇,楊樹菇,田頭菇(柱狀田頭菇)",Poplar field-cap; brown swordbelt,菇類,36.0,3.7,0.3,6.0,0.0
G0710101,乾柳松菇,"柳松茸,茶樹菇,楊樹菇,田頭菇(柱狀田頭菇)",Poplar field-cap: dry,菇類,286.0,23.5,1.9,53.5,6.0
G08001,香菇平均值,"冬(北/花/厚/毛)菇,椎茸,香蕈(信/椹),合蕈",Mushroom; Champignon; Shiitake,菇類,39.0,3.0,0.1,7.6,1.0
G0800101,香菇(大),"冬(北/花/厚/毛)菇,椎茸,香蕈(信/椹),合蕈",Mushroom; Champignon; Shiitake,菇類,37.0,3.0,0.2,7.1,2.0
G0800102,香菇(小),"冬(北/花/厚/毛)菇,椎茸,香蕈(信/椹),合蕈",Mushroom; Champignon; Shiitake,菇類,26.0,2.4,0.1,4.9,1.0
G0800103,花菇,"冬(北/花/厚/毛)菇,椎茸,香蕈(信/椹),合蕈",Mushroom; Champignon; Shiitake,菇類,52.0,3.6,0.1,10.7,2.0
G08101,乾香菇平均值,"冬(北/花/厚/毛)菇,椎茸,香蕈(信/椹),合蕈",Mushroom: dry; Champignon: dry; Shiitake: dry,菇類,321.0,20.9,1.6,64.9,9.0
G0810101,乾香菇,"冬(北/花/厚/毛)菇,椎茸,香蕈(信/椹),合蕈",Mushroom: dry; Champignon: dry; Shiitake: dry,菇類,333.0,23.3,1.4,66.6,15.0
G0810102,乾花菇,"冬(北/花/厚/毛)菇,椎茸,香蕈(信/椹),合蕈",Mushroom: dry; Champignon: dry; Shiitake: dry,菇類,317.0,17.0,1.1,67.4,4.0
G0810103,乾白花菇,"冬(北/花/厚/毛)菇,椎茸,香蕈(信/椹),合蕈",Mushroom: dry; Champignon: dry; Shiitake: dry,菇類,310.0,18.7,1.1,64.5,5.0
G0810104,乾鈕釦菇,"冬(北/花/厚/毛)菇,椎茸,香蕈(信/椹),合蕈",Mushroom: dry; Champignon: dry; Shiitake: dry,菇類,325.0,24.6,2.7,60.9,10.0
G1000101,姬松茸,"姬松菇,巴西蘑菇,柏氏蘑菇,小松菇",Agaricus blazei Murill,菇類,40.0,4.0,0.4,6.9,1.0
G1010101,乾姬松茸,"姬松菇,巴西蘑菇,柏氏蘑菇,小松菇",Agaricus blazei Murill: dry,菇類,294.0,34.0,2.7,46.7,23.0
G1100101,酒杯菇,"大杯傘,大杯菇,葉松茸,豬肚菇",,菇類,50.0,4.6,0.3,9.0,1.0
G1200101,秀珍菇,"平菇,小平菇,側耳平菇,蠔菇,袖珍(鮑魚)菇(側耳)",(Common) Oyster mushroom; Obalonus,菇類,28.0,3.3,0.1,4.6,1.0
G1200201,天喜菇,,,菇類,26.0,4.5,0.5,2.5,1.0
G1200301,白蠔菇,,White Oyster Mushroom,菇類,33.0,2.2,0.3,6.4,1.0
G1200401,玫瑰菇,"紅側耳,桃紅平菇,紅平菇,粉紅菇",,菇類,35.0,4.5,0.1,5.6,1.0
G1300101,杏香菇,"香微蘑,雪茸,帝王菇,平菇王",King Oyster Mushroom,菇類,26.0,2.7,0.1,4.6,2.0
G13002,杏鮑菇平均值,"鳳尾菇,雪茸,帝王菇,平菇王,蠔菇王,干貝菇,刺芹側耳,義大利側耳,義大利蠔菌,杏鮑茸,西洋刺耳",King oyster mushroom; apricot mushroom; almond abalone mushroom,菇類,41.0,2.7,0.2,8.3,3.0
G1300201,杏鮑菇(大),"鳳尾菇,雪茸,帝王菇,平菇王,蠔菇王,干貝菇,刺芹側耳,義大利側耳,義大利蠔菌,杏鮑茸,西洋刺耳",King oyster mushroom; apricot mushroom; almond abalone mushroom,菇類,37.0,2.4,0.1,7.5,3.0
G1300202,杏鮑菇(中),"鳳尾菇,雪茸,帝王菇,平菇王,蠔菇王,干貝菇,刺芹側耳,義大利側耳,義大利蠔菌,杏鮑茸,西洋刺耳",King oyster mushroom; apricot mushroom; almond abalone mushroom,菇類,40.0,2.5,0.2,8.2,2.0
G1300203,杏鮑菇(小),"鳳尾菇,雪茸,帝王菇,平菇王,蠔菇王,干貝菇,刺芹側耳,義大利側耳,義大利蠔菌,杏鮑茸,西洋刺耳",King oyster mushroom; apricot mushroom; almond abalone mushroom,菇類,47.0,3.2,0.3,9.2,3.0
G1400301,珊瑚菇,"金頂鮑魚菇,金頂蘑,榆黃蘑,榆(黃)蘑,黃金菇,玉皇(米)菇,粗口黃,楊柳菌,黃樹窩(金頂側耳)",,菇類,33.0,4.0,0.2,5.2,0.0
G1500101,蠔菇,"平菇,日本蠔菇,糙皮側耳,黑牡丹菇,黑美人菇,人工口蘑(囊狀側耳)",Obalonus; Cystidiate Pleurotus; The Abalone Mushroom,菇類,26.0,2.1,0.3,4.8,4.0
G1500201,鮑魚菇,"夏季鮑魚菇,高溫平菇,台灣平菇,黑美人菇,人工口蘑(囊狀側耳)",Obalonus; Cystidiate Pleurotus; The Abalone Mushroom,菇類,22.0,1.7,0.2,4.0,2.0
G1600101,金針菇,"金(冬/榎/朴)菇,金絲菇,金菇菜,秋葷,樸蕈構菌,毛柄金線菇,菌子(絨柄金錢菇)",Velvet foot; Gold mushroom; Enokitake; Winter Mushroom; Snow Mushroom,菇類,37.0,2.6,0.3,7.2,2.0
G1600201,華翠菇,"滿天星菇,黃色金針菇(絨柄金錢菇)",,菇類,29.0,2.5,0.2,5.1,1.0
G1700101,滑菇,"珍珠菇,滑子,滑子蘑,光蓋鱗傘,光帽黃傘(滑鱗傘)",Pholiota nameko,菇類,27.0,2.6,0.2,4.7,2.0
G1800101,舞菇,"舞茸,灰樹花,葉多孔菌,栗子蘑,千佛菌,蓮花菌",,菇類,28.0,1.4,0.1,5.8,1.0
G1900101,鴻喜菇,"紅喜菇,真姬菇,斑玉蕈,玉蕈,膠玉蘑,蟹味菇,海鮮菇,假松茸,松茸菇,榆菇,靈芝菇,黑真珠",Bunashimeji; Hon-shimeji; small oyster mushroom,菇類,30.0,2.9,0.1,5.3,2.0
G1900201,雪白菇,"美白菇,白玉菇",white beech mushroom,菇類,31.0,2.2,0.0,6.4,1.0
G2000101,洋菇,"西洋蘑菇(蘑菇,雙孢蘑菇)",Mushroom; Button; Champignon,菇類,25.0,3.0,0.2,3.8,19.0
G2000201,冷凍洋菇,"西洋蘑菇(蘑菇,雙孢蘑菇)",Marshroom: frozen,菇類,39.0,3.8,1.5,4.3,8.0
G2100101,白茯苓,"松(雲/安/閩)苓,玉(茯)靈,茯兔(龜),松柏芋,松薯,不死麵,萬靈桂(精),更生,金翁",Poria,菇類,316.0,1.0,0.2,79.9,0.0
G2300101,猴頭菇,"猴頭蘑,刺蝟菌,蝟菌,花菜菇,圓頭菇,陰陽蘑,對臉蘑",Monkey's mane; Lion's mane; Old man's beard,菇類,30.0,2.1,0.2,5.9,2.0
G2310101,乾猴頭菇,"猴頭蘑,刺蝟菌,蝟菌,花菜菇,圓頭菇,陰陽蘑,對臉蘑",,菇類,311.0,12.3,3.4,64.3,3.0
G2410101,乾竹笙,"竹蓀,竹參(長裙竹蓀)",Basket stinkhorn(籃框臭角菌),菇類,312.0,17.5,2.0,64.1,28.0
G9000101,松茸白菇,,,菇類,38.0,5.1,0.5,5.3,1.0
G9000201,金喜菇,,brown needle mushroom,菇類,39.0,2.7,0.2,7.7,5.0
G9000301,喜來菇,,,菇類,37.0,3.5,0.4,6.3,1.0
G9000401,富珍茸,,,菇類,37.0,3.0,0.4,6.8,1.0
H01051,白鳳豆平均值,"矮性刀豆,洋刀豆,立刀豆",Jack bean,豆類,337.0,23.8,2.1,58.2,0.0
H0105101,白鳳豆(台灣),"矮性刀豆,洋刀豆,立刀豆",Jack bean,豆類,348.0,27.4,2.8,56.4,1.0
H0105102,白鳳豆(進口),"矮性刀豆,洋刀豆,立刀豆",Jack bean,豆類,325.0,20.1,1.3,60.0,0.0
H0205101,米豆,"飯豆,蛋白豆,赤山豆,繖形豇豆,島田豇豆",Rice bean,豆類,349.0,21.7,2.4,62.2,19.0
H0305101,花豆,"紅花豆,紅(赤)花菜豆,花仔(阿/柳)豆",Kidney beans; White dutch runner bean; Scarlet runner bean; multiflora bean,豆類,328.0,21.2,1.7,59.0,11.0
H0405101,紅豆,"小豆,赤小豆,赤豆,通常小豆,小紅豆,紅小豆",Red bean; Rice bean; Small red bean; Adzuki bean,豆類,328.0,20.9,0.6,61.5,1.0
H0505101,紅雲豆(大紅豆),"紅菜豆,大紅豆",Red kidney bean,豆類,328.0,20.2,1.4,60.4,2.0
H0605101,青仁黑豆,"烏豆,枝仔豆,黑大豆",Black bean; Soya bean,豆類,385.0,37.0,14.2,33.7,4.0
H0605201,黃仁黑豆,"烏豆,枝仔豆,黑大豆",Black bean; Soya bean,豆類,253.0,20.6,2.1,40.3,1.0
H0610101,黑豆胚芽,,black soybean germ,豆類,185.0,16.1,7.7,15.9,2.0
H0610201,烘烤黑豆,"烏豆,枝仔豆,黑大豆",Black bean: baked,豆類,435.0,39.0,20.1,32.4,320.0
H0620101,黑豆粉,"烏豆,枝仔豆,黑大豆",Black bean powder,豆類,431.0,36.0,17.6,39.0,65.0
H0705101,毛綠豆,"菉豆,綠小豆,輻莢豆",Green bean; Chickasaw,豆類,346.0,22.1,1.2,63.6,3.0
H0705102,綠豆,"菉豆,綠小豆,輻莢豆",Green bean; Chickasaw,豆類,344.0,22.8,1.1,63.0,1.0
H0710101,綠豆仁,"菉豆,綠小豆,輻莢豆",Green bean: skin removed,豆類,339.0,24.6,1.3,59.6,1.0
H0720101,綠豆粉,"菉豆,綠小豆,輻莢豆",Green bean powder,豆類,344.0,21.7,1.5,62.9,8.0
H0800101,豇豆(莢),"長豇豆,長莢豇豆,豆角,菜(筷/江/長/角)豆","Asparagus bean, Yard long bean; Kidney bean; Common bean; Cowpea",豆類,35.0,2.4,0.1,6.2,2.0
H0900101,萊豆仁(帶膜),"皇帝豆,皇格豆,白扁豆,觀音豆,雪豆,大馬萊豆,細綿豆",Lima bean; Duffin bean; Butter bean,豆類,112.0,7.8,0.4,20.1,3.0
H0900201,萊豆仁(去膜),"皇帝豆,皇格豆,白扁豆,觀音豆,雪豆,大馬萊豆,細綿豆",Lima bean,豆類,137.0,7.4,1.4,24.7,2.0
H1000101,粉豆莢,"菜豆莢,四季豆,雲藕豆,隱之(元)豆,白(花)雲豆,敏(雲/芸/粉/醜)豆",French bean; Snap bean; Kindey bean; Green bean; common bean,豆類,27.0,1.7,0.1,5.0,7.0
H1000201,敏豆莢,"菜豆莢,四季豆,雲藕豆,隱之(元)豆,白(花)雲豆,敏(雲/芸/粉/醜)豆",French bean; Snap bean; Kindey bean; Green bean; common bean; Kidney bean: pod; Common bean,豆類,30.0,1.7,0.2,5.3,4.0
H1000301,冷凍菜豆(莢),"四季豆,雲藕豆,隱之(元)豆,白(花)雲豆,敏(雲/芸/粉/醜)豆",Yard-long bean: frozen,豆類,57.0,3.4,0.1,10.8,2.0
H1100101,毛豆仁,"大豆,青大豆,青皮豆",Vegetable soy bean,豆類,129.0,14.6,3.3,12.5,1.0
H1100201,毛豆莢(高雄13號),"大豆,青大豆,青皮豆",Vegetable soy bean,豆類,137.0,11.6,5.1,13.2,1.0
H1100301,冷凍毛豆仁,"大豆,青大豆,青皮豆",Vegetable soy bean: frozen,豆類,135.0,12.5,6.1,9.8,359.0
H1105101,黃豆,"大豆,菽",Soy bean,豆類,389.0,35.6,15.7,33.0,12.0
H1110101,黃豆胚芽,大豆胚芽,Soy bean,豆類,169.0,16.6,5.4,16.4,2.0
H1120101,黃豆粉,大豆,Soy bean powder,豆類,401.0,37.4,16.7,32.2,2.0
H1120102,黃豆粉(有機),大豆粉(有機),,豆類,434.0,42.0,21.9,25.9,2.0
H1150201,豆漿(無糖),,,豆類,35.0,3.6,1.9,0.7,2.0
H1200101,豌豆仁,"荷蓮豆仁,荷仁豆仁,荷蘭豆仁,花蓮豆仁,飛龍豆仁,青豆仁,胡豆仁,畢豆仁,宛豆仁,孫豆仁,丸豆仁,留",Pea; Garden pea; Sweet pea,豆類,123.0,9.2,0.4,21.7,3.0
H1200201,豌豆莢,"荷蓮豆,荷仁豆,荷蘭豆,花蓮豆,飛龍豆,青豆莢,胡豆莢,畢豆莢,宛豆莢,孫豆莢,丸豆莢,留豆莢,戎菽",Pea; Garden pea,豆類,41.0,2.9,0.2,7.1,4.0
H1200301,高山大豌豆莢,"荷蓮豆,荷仁豆,荷蘭豆,花蓮豆,飛龍豆,青豆莢,胡豆莢,畢豆莢,宛豆莢,孫豆莢,丸豆莢,留豆莢,戎菽",Pea; Garden pea,豆類,49.0,2.4,0.0,9.9,0.0
H1200401,甜豌豆莢,"甜脆豌豆,甜荷蘭豆,甜荷仁豆",Sugar pea; Edible podded pea,豆類,42.0,3.0,0.2,7.4,2.0
H1200501,冷凍豌豆仁,"荷蓮豆仁,荷仁豆仁,荷蘭豆仁,花蓮豆仁,飛龍豆仁,青豆仁,胡豆仁,畢豆仁,宛豆仁,孫豆仁,丸豆仁,留",Common peas: frozen; Edible podded pea: frozen,豆類,96.0,6.1,0.6,17.1,21.0
H1300101,鵲豆莢,"肉(扁/藊)豆,峨(蛾/花)眉豆,沿(延)籬豆,隱元豆,膨皮豆",Hyacinth bean; Lablab,豆類,31.0,2.4,0.3,5.1,2.0
H1505101,紅扁豆仁,,Red lentils,豆類,343.0,25.3,2.1,58.3,1.0
H1600101,鷹嘴豆,"雪蓮子,埃及豆,馬豆,桃爾豆,雞心豆,雞豆,雞屁股豆",Chickpea,豆類,364.0,19.4,5.8,61.0,8.0
H1700101,樹豆(白),"木豆,白樹豆,柳豆,米豆,放屁豆,番仔豆,蒲姜豆",Pigeon pea,豆類,325.0,22.1,0.8,59.4,8.0
H1800101,翼豆,四角豆、翅豆、羊角豆、 楊桃豆、四稜豆,Four-angled bean、Winged bean、Goa bean,豆類,31.0,2.5,0.4,4.7,2.0
H2000101,天貝(黃豆),,Soybean Fresh Tempeh,豆類,187.0,23.6,9.0,7.4,3.0
I01001,牛小排平均值,"肥牛肉,小肋排,牛仔骨",,肉類,325.0,15.1,28.9,0.0,60.0
I0100101,去骨牛小排,"肥牛肉,小肋排",Boneless short rib,肉類,290.0,17.1,24.0,0.0,59.0
I0100102,帶骨牛小排,牛仔骨,Bone-in short rib,肉類,360.0,13.1,33.7,0.4,62.0
I0100103,無骨牛小排(美牛),,,肉類,335.0,15.6,29.8,0.2,53.0
I0100201,牛肋條,"腩條,條肉",Rib fingers; Intercostal meat,肉類,225.0,18.6,16.2,1.1,81.0
I0100202,牛肋條(2021年取樣),,Beef Ribs,肉類,358.0,15.7,32.3,0.3,39.0
I0100301,沙朗牛排,"里肌,大里肌,肋眼,修清肋眼肉;修清肉眼","Ribeye roll, lip-on; Cube roll",肉類,162.0,20.4,8.3,1.5,46.0
I0102101,板腱,板腱牛排;白蘭地牛排;上肩胛脊底肌,Top blade muscle,肉類,166.0,19.8,9.0,0.2,70.0
I0102201,牛去骨肩胛小排,肥牛肉,Boneless chuck (short) rib,肉類,233.0,16.9,17.9,1.2,53.0
I0104101,牛前胸肉,"去骨前胸肉,牛腩","Brisket; Brisket, boneless, deckle-off",肉類,331.0,14.8,29.7,0.0,58.0
I0104201,牛修清前胸肉,"修清牛腩,修清前胸腋肌","Pectoral meat; Brisket, nose-off",肉類,120.0,22.3,2.8,0.9,45.0
I0106101,去骨紐約克牛排,"外條,西冷,去骨前腰脊肉",New York steak(cut); Steak ready strip loin; Boneless strip loin,肉類,200.0,21.3,12.0,0.0,49.0
I0106201,腓力牛排,"菲力牛排,牛柳,小里肌,腰內肉,去脂腰里肌肉,全修清去膜腰裡脊肉","Filet mignon; Tenderloin; Tenderloin, side muscle off, skinned",肉類,184.0,20.6,10.7,0.1,47.0
I0108101,牛後腿肉,,Beef round; Beef ham,肉類,122.0,19.4,4.3,3.7,58.0
I0108201,牛後腿股肉,"和尚頭,牛霖",Knuckle,肉類,153.0,20.6,7.2,0.8,48.0
I0108301,牛後腿腱子心,"牛腱,腱子",Hind shank; Heel muscle; Beef shank,肉類,139.0,19.8,6.0,0.0,79.0
I0108302,牛後腿腱子心(2022年取樣),"牛腱,腱子",Hind shank; Heel muscle; Beef shank,肉類,151.0,23.7,5.5,4.0,63.0
I01101,牛肉火鍋片平均值,,,肉類,250.0,19.1,18.7,0.0,48.0
I0110101,牛五花肉火鍋片,,,肉類,430.0,15.7,40.3,0.0,45.0
I0110102,牛紐約客火鍋片,,,肉類,263.0,20.1,19.6,0.0,34.0
I0110103,牛梅花肉火鍋片,,,肉類,120.0,20.3,3.7,0.9,57.0
I0110104,牛嫩肩里肌火鍋片,,,肉類,188.0,20.0,11.4,1.8,56.0
I01201,牛肚平均值,"百葉胃,毛肚,牛百葉,牛百頁,牛草肚(牛之第一胃);蜂巢肚,金錢肚(牛之第二胃)",,肉類,56.0,11.4,0.8,0.1,82.0
I0120101,牛肚(瘤胃),"百葉胃,毛肚,牛百葉,牛百頁,牛草肚(牛之第一胃,山鏈狀)",Beef paunch; Rumen; Mountain chain tripe,肉類,44.0,7.5,1.4,0.0,113.0
I0120102,牛肚切片(瘤胃),"百葉胃,毛肚,牛百葉,牛百頁,牛草肚(牛之第一胃)",Beef paunch: sliced; Rumen: sliced; Mountain chain tripe: sliced,肉類,67.0,15.3,0.2,0.3,51.0
I0120201,牛肚(蜂巢胃),"蜂巢肚,金錢肚(牛之第二胃)",Honeycomb tripe; Reticulum tripe,肉類,107.0,19.0,2.8,0.0,103.0
I0120301,牛筋,蹄筋,Beef Tendons,肉類,157.0,21.7,7.2,3.3,50.0
I0200101,山羊帶皮羊肉塊,,Goat meat,肉類,164.0,20.3,8.6,3.4,81.0
I0200201,山羊前腿肉片,,Goat: foreleg,肉類,123.0,21.3,3.5,0.0,60.0
I0200301,山羊後腿肉火鍋片,,Goat: shore leg,肉類,170.0,18.9,9.9,0.1,99.0
I0210101,綿羊肉切片,,Mutton,肉類,198.0,18.8,13.0,0.0,73.0
I0210201,法式羊排,"羊肋排,羊小排",Shoulder Frenched Rack,肉類,260.0,18.8,20.0,0.0,68.0
I0210301,去骨肩頸眼羊肉,,,肉類,198.0,17.8,13.5,0.0,57.0
I0210401,小羊腰脊肉,去骨腰脊肉,Boneless loin,肉類,143.0,26.5,3.3,0.0,54.0
I0210501,綿羊腹脅肉火鍋片,五花肉火鍋片,Boneless flap: sliced,肉類,252.0,16.9,20.0,2.5,76.0
I0300101,豬下肩肉,前腿肉,Pork: forefeet,肉類,200.0,18.1,13.6,0.0,54.0
I0300201,豬下肩瘦肉,前腿瘦肉,"Pork: forefeet, lean meat; Picnic shoulder",肉類,131.0,20.1,5.0,0.0,53.0
I0300301,豬上肩肉,梅花肉,Pork: part fat,肉類,207.0,18.9,14.0,0.0,52.0
I0300401,豬肩胛肉,胛心肉,Boston butt; Boston butt and picnic shoulder; Pork shoulder; Pork: forefeet,肉類,295.0,16.5,24.8,0.0,53.0
I0300501,豬肩胛排,中排,Shoulder ribs,肉類,191.0,17.9,12.7,0.0,97.0
I0300502,豬肩胛排(2021年取樣),,Pork shoulder steak,肉類,244.0,17.8,18.7,0.0,64.0
I0300601,豬前腿外腱肉,"豬腱,腱子肉",Foreshank,肉類,146.0,20.7,6.5,0.0,71.0
I0302101,豬後腿外腱肉,"豬腱,外腱",Shank: hind,肉類,184.0,19.0,11.4,0.8,66.0
I0302201,豬後腿肉,,Pork: hind leg; ham; Fresh ham,肉類,123.0,20.4,4.0,0.4,49.0
I0302301,豬後腿瘦肉,,"Pork: hind leg, lean meat",肉類,120.0,21.1,3.4,0.3,41.0
I0304101,豬大里肌,"背脊肉,里肌肉",Lean pork: fillet; Boneless loin; loin,肉類,212.0,19.2,14.4,0.0,40.0
I0304201,豬大排,"背脊,帶骨里肌",Center cut loin; Large sparerib; Loin: bone-in,肉類,214.0,19.1,14.7,0.0,55.0
I0304301,豬小排,"里肌小排,肋小排,肋骨排",Back ribs; Small sparerib,肉類,287.0,18.0,23.3,0.0,74.0
I0304401,僧帽肌,離緣肉,Trapicius muscle,肉類,209.0,20.4,13.5,0.0,48.0
I0306101,豬小里肌,腰內肉,Tenderloin,肉類,139.0,21.1,5.4,0.0,46.0
I0308101,豬去皮腹脇肉,"去皮五花肉,去皮三層肉",Pork belly meat: lean and fat; Shoulder (boston): skin-off,肉類,360.0,14.9,32.9,0.5,44.0
I0308201,豬帶皮腹脇肉,"帶皮五花肉,帶皮三層肉",Pork belly meat: lean and fat; Shoulder (boston),肉類,368.0,14.5,33.9,0.0,62.0
I0308301,豬腹脇排,"腩排,肉排,小排",Spareribs,肉類,267.0,18.7,20.7,0.0,67.0
I0310101,豬肝連,"肝連,隔胸肉,條仔肉(橫隔肌)",Pork diaphragm,肉類,220.0,14.6,17.5,0.0,43.0
I0310201,豬頰肉,"豬舌肉,菊花肉",Pork: cheek meat,肉類,182.0,17.5,11.9,1.4,65.0
I0310202,豬頰肉(2022年取樣),"豬舌肉,菊花肉",Pork: cheek meat,肉類,157.0,18.9,8.4,2.1,67.0
I0310301,豬頸肉,松阪豬肉,Pork jowl meat,肉類,284.0,17.2,23.3,0.8,43.0
I03104,豬絞肉平均值,,,肉類,212.0,18.7,14.6,0.0,58.0
I0310401,豬絞肉(70％瘦肉率),,Ground pork (70% lean),肉類,218.0,19.0,15.2,0.0,56.0
I0310402,豬絞肉(90％瘦肉率),,Ground pork (90% lean),肉類,205.0,18.5,14.0,0.0,61.0
I0320101,豬心,,Pork: heart,肉類,128.0,13.6,7.8,1.0,74.0
I0320201,豬白管,"豬管庭(廷),皇管(豬之胸大動脈)",Pork: aorta,肉類,93.0,14.1,3.6,0.0,68.0
I0320301,豬皮,,,肉類,491.0,22.1,44.0,0.0,109.0
I0320401,豬耳,,Pork: ear,肉類,219.0,24.2,12.8,0.9,175.0
I0320501,豬舌,,Pork: tongue,肉類,185.0,18.5,11.8,0.0,119.0
I0320601,豬血,,Pork: blood,肉類,29.0,6.3,0.3,0.5,179.0
I0320701,豬尾,,Pork: tail,肉類,295.0,16.2,25.0,7.1,92.0
I0320801,豬肝,,Pork: liver,肉類,137.0,20.8,5.3,1.7,84.0
I0321101,豬肚,豬胃,Pork: stomach,肉類,152.0,12.4,11.0,0.0,62.0
I0321201,熟豬肚,豬胃,"Pork: stomach, cooked",肉類,137.0,16.0,7.6,2.7,30.0
I0321301,豬油渣,,,肉類,837.0,17.4,84.5,0.0,153.0
I03214,豬骨湯平均值,高湯,,肉類,8.0,0.9,0.4,0.0,15.0
I0321401,豬大骨湯,高湯,Pork stock,肉類,7.0,1.0,0.3,0.4,23.0
I0321402,豬肋骨湯,"高湯,小骨湯,籤仔骨湯,冰仔骨湯,支骨湯",Pork stock,肉類,9.0,0.7,0.6,0.0,6.0
I0321403,豬肩骨湯,高湯,Pork stock,肉類,8.0,1.1,0.4,0.2,16.0
I0321501,豬軟骨,,,肉類,332.0,15.6,29.4,0.0,90.0
I0321601,豬腎,腰子,Pork: kidney,肉類,82.0,15.0,1.9,1.7,102.0
I0321701,豬脾臟,腰尺,Pork: spleen,肉類,79.0,15.0,1.6,2.0,51.0
I0321801,豬大腸,,Pork: large intestine,肉類,198.0,6.6,18.9,1.9,45.0
I0321901,豬小腸,,Pork: small intestine; Chitterlings,肉類,156.0,12.5,11.4,0.6,30.0
I0322001,豬空腸,粉腸,Pork jejunum,肉類,186.0,10.9,15.4,8.6,84.0
I0322101,豬前腳,"豬腳,豬蹄,短腳","Pork: feet, front",肉類,252.0,21.9,17.6,0.0,114.0
I0322201,豬後腳,"豬腳,豬蹄,長腳","Pork: feet, hind",肉類,253.0,19.5,18.8,0.0,69.0
I0322301,豬蹄膀,"豬腳,蹄膀,圓蹄",Pork hock,肉類,331.0,17.1,28.6,0.0,50.0
I0322501,豬腳筋,"蹄筋,長筋",,肉類,72.0,14.4,1.1,0.0,44.0
I0322601,豬腦,,Pork: brain,肉類,125.0,10.8,8.7,0.0,120.0
I0400101,土雞,"放山雞,走地雞",Taiwan native chicken,肉類,196.0,19.0,12.7,0.0,70.0
I0400201,肉雞,飼料雞,"Chicken: broiler, feed",肉類,248.0,16.1,19.9,0.0,44.0
I0400301,烏骨雞,"竹絲雞,絲羽烏骨雞,武山雞,烏雞",Silkie bantam; Silky fowl,肉類,212.0,17.9,15.1,0.9,42.0
I04021,里肌肉平均值,,,肉類,109.0,24.2,0.6,0.0,58.0
I0402101,里肌肉(土雞),,"Chicken: tenderloin, wild",肉類,112.0,24.8,0.6,0.0,72.0
I0402102,里肌肉(肉雞),,"Chicken: tenderloin, feed",肉類,106.0,23.7,0.6,0.0,44.0
I0402201,帶骨去皮對切胸(肉雞),,"Chicken: skinned breast halves with ribs, feed",肉類,104.0,22.4,0.9,0.0,49.0
I0402301,帶骨帶皮對切胸(肉雞),,"Chicken: breast halves with ribs, feed",肉類,219.0,19.3,15.1,0.0,47.0
I04024,去皮清肉平均值,,,肉類,119.0,23.3,2.1,0.0,50.0
I0402401,去皮清肉(土雞),去皮雞胸肉,"Chicken: skinned breast halves without ribs, wild",肉類,121.0,23.4,2.3,0.0,67.0
I0402402,去皮清肉(肉雞),去皮雞胸肉,"Chicken: skinned breast halves without ribs, feed",肉類,117.0,23.3,1.9,0.6,33.0
I04041,骨腿平均值,,,肉類,163.0,18.0,9.5,0.2,68.0
I0404101,骨腿(土雞),雞腿,"Chicken: leg quarters, wild",肉類,130.0,21.7,4.1,0.0,52.0
I0404102,骨腿(肉雞),雞腿,"Chicken: leg quarters, feed",肉類,196.0,14.4,14.9,1.7,84.0
I04042,清腿平均值,,,肉類,157.0,18.5,8.7,0.0,117.0
I0404201,清腿(土雞),雞腿,"Chicken: whole leg, wild",肉類,142.0,20.4,6.1,0.0,131.0
I0404202,清腿(肉雞),雞腿,"Chicken: whole leg, feed",肉類,173.0,16.6,11.3,0.0,103.0
I04043,棒棒腿平均值,,,肉類,151.0,18.9,7.8,0.0,139.0
I0404301,棒棒腿(土雞),雞腿,"Chicken: drumstick, wild",肉類,143.0,21.0,5.9,0.0,168.0
I0404302,棒棒腿(肉雞),雞腿,"Chicken: drumstick, feed",肉類,159.0,16.8,9.7,0.3,109.0
I04044,雞排平均值,,,肉類,183.0,17.1,12.2,0.0,86.0
I0404401,雞排(土雞),,Chicken cutlets: wild,肉類,158.0,18.9,8.6,0.0,97.0
I0404402,雞排(肉雞),,Chicken cutlets: feed,肉類,208.0,15.3,15.8,0.0,76.0
I0404403,雞排(肉雞)(2021年取樣),,,肉類,251.0,14.9,20.8,0.0,94.0
I0404501,去皮去骨雞腿(肉雞),,,肉類,165.0,19.8,8.9,0.0,68.0
I04061,二節翅平均值,,,肉類,226.0,18.1,16.4,0.0,83.0
I0406101,二節翅(土雞),,"Chicken : mid-joint and tip, wild",肉類,228.0,19.8,15.9,0.0,68.0
I0406102,二節翅(肉雞),,"Chicken : mid-joint and tip, feed",肉類,223.0,16.4,17.0,0.6,98.0
I04062,三節翅平均值,,,肉類,210.0,18.3,14.6,0.0,75.0
I0406201,三節翅(土雞),,"Chicken: whole wings, wild; Chicken: three joint wings, wild",肉類,198.0,19.0,13.0,0.0,66.0
I0406202,三節翅(肉雞),,"Chicken: whole wings, feed; Chicken: three joint wings, feed",肉類,222.0,17.7,16.3,0.0,85.0
I0406301,翅腿(肉雞),小雞腿,"Chicken: wing drummettes, feed",肉類,210.0,17.8,14.8,1.0,70.0
I0410101,雞絞肉,,Chicken: ground meat,肉類,131.0,27.4,1.6,0.0,38.0
I0420101,雞心(肉雞),,Chicken: heart,肉類,190.0,13.3,14.8,0.1,87.0
I0420102,雞心(肉雞)(2021年取樣),,chicken heart,肉類,204.0,14.4,15.8,1.2,85.0
I0420201,雞尾椎,雞屁股,,肉類,452.0,9.0,45.9,0.1,35.0
I0420301,雞肝(肉雞),,Chicken: liver,肉類,111.0,18.8,3.5,2.7,93.0
I0420401,雞胗(肉雞),雞肫,Chicken: gizzard,肉類,89.0,16.6,2.0,0.3,57.0
I0420601,雞胸骨湯,雞高湯,Chicken broth,肉類,9.0,1.5,0.3,0.2,24.0
I0420701,雞睪丸,"雞子,雞弗",Chicken: testicles,肉類,71.0,10.6,2.8,0.2,90.0
I0420801,雞腳(肉雞),"雞爪,鳳爪",Chicken: feet,肉類,209.0,20.7,13.3,1.2,102.0
I0420901,雞膝軟骨(肉雞),雞軟骨,,肉類,107.0,20.4,2.2,0.5,197.0
I0421001,雞皮(肉雞),,,肉類,442.0,11.7,43.4,0.0,40.0
I0500101,太空鴨,,"Whole duck without neck, wings ＆ feet",肉類,319.0,16.0,27.8,0.0,41.0
I0500201,番鴨,"麝番鴨,紅面鴨,紅面(正)番鴨",Muscovy duck; Cairina moschate,肉類,229.0,18.2,16.7,0.0,51.0
I0500301,太空鴨(去皮),,"Whole duck without neck, wings ＆ feet, skinned",肉類,102.0,20.1,1.8,0.0,64.0
I0500401,土番鴨,,Mule duck,肉類,111.0,20.9,2.4,0.0,70.0
I0502101,櫻桃鴨胸肉片,,,肉類,227.0,16.7,17.2,4.7,37.0
I0504101,鴨腿,,Ducks: drumsticks,肉類,282.0,14.4,24.5,3.4,48.0
I0520101,鴨血,,Ducks: blood,肉類,29.0,6.0,0.3,0.0,131.0
I0520201,鴨胗,鴨肫,Ducks: gizzards,肉類,97.0,20.5,1.1,0.3,79.0
I0520301,去骨鴨掌,,,肉類,113.0,12.6,6.6,0.0,78.0
I0520401,鴨腸,,Ducks: intestines,肉類,94.0,13.8,3.9,0.0,53.0
I0520601,鴨翅,,,肉類,170.0,22.8,8.1,0.0,67.0
I0520701,鴨頭,,,肉類,199.0,16.5,14.3,0.0,74.0
I0520801,鴨舌,,,肉類,187.0,16.0,13.2,0.0,57.0
I0600101,鵝肉,,Goose meat,肉類,187.0,15.6,13.4,2.4,54.0
I0602101,鵝胸肉,,Goose: brcast halves without drummtte,肉類,120.0,23.5,2.2,0.2,51.0
I0604101,鵝腿肉,,Goose: whole legs,肉類,130.0,21.7,4.2,0.0,75.0
I0620101,鵝心,,Goose: heart,肉類,241.0,14.5,19.9,0.0,72.0
I0620201,鵝肝,,Goose: liver,肉類,123.0,20.5,3.9,0.6,392.0
I0620301,鵝胗,鵝肫,Goose: gizzard,肉類,95.0,17.4,2.3,2.8,77.0
I0620401,鵝腸,,Goose: intestines,肉類,63.0,9.2,2.6,0.7,110.0
I0700101,火雞肉,"七面鳥,吐綬雞",Turkey meat,肉類,141.0,21.1,5.6,0.0,51.0
I0802101,鴕鳥菲力肉排,"鴕鳥腓力,鴕鳥里肌肉","Ostrich: tenderloin, sliced",肉類,105.0,22.8,0.8,0.8,59.0
I0804101,鴕鳥沙朗肉排,,,肉類,97.0,20.9,0.8,6.1,55.0
I0810101,鴕腱肉,"屈肌,伸肌",Ostrich: shank,肉類,107.0,18.7,3.1,0.2,75.0
I0810201,鴕腩肉,,Ostrich: flank,肉類,144.0,21.2,5.9,0.7,86.0
I1000101,山豬肉片,山豬肉,Sus scrofa,肉類,466.0,11.9,46.0,0.0,30.0
I9900101,虎皮蛙,"虎斑蛙,虎紋蛙,水雞,田雞,台灣青蛙",Frog; Chinese bullfrog,肉類,94.0,21.1,0.4,0.6,70.0
I9900201,蛇肉,,Snake flesh,肉類,85.0,19.0,0.4,0.0,29.0
J0200201,雙髻鯊,"丫髻鯊(鮫),犛頭沙,雙髻鯊,雙過仔",Hammerhead; Hammerhead shark,魚貝類,117.0,27.4,0.1,0.0,83.0
J0200202,雙髻鯊腹肉,"丫髻鯊(鮫),犛頭沙,雙髻鯊,雙過仔",Hammerhead; Hammerhead shark,魚貝類,110.0,25.8,0.0,0.0,142.0
J0200301,鯊魚切片,沙魚,Shark,魚貝類,106.0,24.8,0.0,0.0,62.0
J0400101,魟魚,,Stingray,魚貝類,106.0,24.8,0.1,0.0,168.0
J0400201,日本鰻鱺魚片(生),"白鰻,日本鰻,正鰻,白鱔,鰻鱺,土鰻(澎湖),淡水鰻(澎湖)",Japanese eel; Freshwater eel; Eel,魚貝類,254.0,18.1,19.6,0.0,47.0
J0400401,灰海鰻,"虎鰻,海鰻,錢鰻(臺東)",Shape-toothed eel; Conger pike; Daggertooth pike conger; Dagger tooth pikeconger; Arabian pike eel,魚貝類,97.0,20.5,1.0,0.0,83.0
J0400501,魩仔魚,魩仔,Anchovy,魚貝類,56.0,11.1,0.9,0.0,456.0
J04006,魩仔魚平均值(加工),魩仔,Anchovy,魚貝類,124.0,26.2,1.3,1.0,1841.0
J0400601,"魩仔魚(加工,大)",魩仔,Anchovy,魚貝類,97.0,20.7,1.0,1.1,851.0
J0400602,"魩仔魚(加工,小)",魩仔,Anchovy,魚貝類,151.0,31.8,1.7,0.9,2830.0
J0400603,魩仔魚(加工),,,魚貝類,105.0,23.0,0.8,0.0,1448.0
J0400801,灰海荷蝹,"針魩仔,鱙仔,寮仔魚",Japanese anchovy,魚貝類,101.0,21.0,1.3,0.0,705.0
J0400901,日本銀帶鯡(加工),"針嘴鰮,丁香魚,魩仔,丁香,鱙仔,灰海荷鰮",Silver stripe round herring,魚貝類,111.0,21.5,2.1,1.2,736.0
J0400902,日本銀帶鯡魚干(丁香魚脯),"針嘴鰮,丁香魚,魩仔,丁香,鱙仔,灰海荷鰮",Silver stripe round herring,魚貝類,275.0,51.8,6.0,1.7,1276.0
J04010,虱目魚平均值(去皮),"麻虱目仔,麻虱(蝨)目,蝨(遮/塞)目魚,虱麻魚,海草魚,安平魚,國姓(聖)魚",Bangos; Bony salmon; Giant herring; Milkfish; Salmon herring; White mullet,魚貝類,179.0,21.8,9.5,0.2,41.0
J0401001,虱目魚(2月),"海草魚,遮目魚,殺目魚,安平魚,國姓魚,麻虱目仔,虱目/麻虱目(澎湖)",Salmon herring; Bangos; Bony salmon; Milkfish; Milk fish,魚貝類,180.0,19.8,10.6,1.3,44.0
J0401002,虱目魚(5月),"海草魚,遮目魚,殺目魚,安平魚,國姓魚,麻虱目仔,虱目/麻虱目(澎湖)",Salmon herring; Bangos; Bony salmon; Milkfish; Milk fish,魚貝類,189.0,22.3,10.4,0.0,27.0
J0401003,虱目魚(8月),"海草魚,遮目魚,殺目魚,安平魚,國姓魚,麻虱目仔,虱目/麻虱目(澎湖)",Salmon herring; Bangos; Bony salmon; Milkfish; Milk fish,魚貝類,124.0,23.7,2.6,0.5,42.0
J0401004,虱目魚(9月),"海草魚,遮目魚,殺目魚,安平魚,國姓魚,麻虱目仔,虱目/麻虱目(澎湖)",Salmon herring; Bangos; Bony salmon; Milkfish; Milk fish,魚貝類,208.0,22.0,12.7,0.0,41.0
J0401005,虱目魚(12月),"海草魚,遮目魚,殺目魚,安平魚,國姓魚,麻虱目仔,虱目/麻虱目(澎湖)",Salmon herring; Bangos; Bony salmon; Milkfish; Milk fish,魚貝類,192.0,21.4,11.2,0.1,53.0
J0401101,虱目魚(含皮),"海草魚,遮目魚,殺目魚,安平魚,國姓魚,麻虱目仔,虱目/麻虱目(澎湖)",Salmon herring; Bangos; Bony salmon; Milkfish; Milk fish,魚貝類,200.0,21.8,11.9,0.0,96.0
J0401102,虱目魚(2022年取樣),"海草魚,遮目魚,殺目魚,安平魚,國姓魚,麻虱目仔,虱目/麻虱目(澎湖)",Salmon herring; Bangos; Bony salmon; Milkfish; Milk fish,魚貝類,243.0,20.1,17.4,1.4,46.0
J0401201,虱目魚腹肉(虱目魚肚),,,魚貝類,342.0,17.4,29.6,0.0,47.0
J0401301,草魚切片,"鯇,鯤,池魚,草根魚,草鰱(高屏地區)",White amur; White amur; Grass carp; Gardd carp,魚貝類,166.0,21.4,8.3,2.1,53.0
J0401401,草魚(含皮),"鯇,鯤,池魚,草根魚,草鰱(高屏地區)",White amur; White amur; Grass carp; Gardd carp,魚貝類,91.0,17.2,2.0,0.8,37.0
J0401501,鯉,"鮘仔,在來鯉,財神魚",Scale carp; Wild carp; Wild common carp; Aischgrund carp; Carp; Common carp; Asian carp; European carp; Leather carp; Grass carp; German carp; Koi; Mirror carp; Wild Common Carp;,魚貝類,91.0,14.5,3.2,2.1,38.0
J0401601,鱅,"黑鰱,大頭鰱(魚),花鰱,胖頭鰱",Big head; Bighead; Bighead carp; Black silver carp,魚貝類,145.0,18.7,7.2,0.0,24.0
J0401701,鬍鯰,"鬍子鯰,土殺,本土土虱,塘虱魚",Puntat; Walking catfish; Whitespotted freshwater catfish; Whitespotted clarias; Cat-fish; Chinese catfish,魚貝類,194.0,16.3,13.8,0.0,37.0
J0401801,斑海鯰,"成仔魚,成仔丁,銀成,白肉成,臭臊成,生仔魚,鰻鯰,賓士魚",Sea barbel; Sea catfish; Spotted catfish; Spotted sea catfish; Giant cat-fish; Marine catfish,魚貝類,86.0,19.2,0.5,0.0,115.0
J0401901,長體油胡瓜魚,柳葉魚,Shishamo,魚貝類,104.0,15.0,4.4,0.0,104.0
J0402001,香魚,"桀(加魚邊)魚,Ayu,年魚",Sweet-fish; Sweetfish; Ayu; Ayu sweetfish; Ko-ayu,魚貝類,147.0,18.5,7.5,0.0,53.0
J0402101,銀魚,"水晶魚,小銀魚",Silver fish,魚貝類,69.0,14.3,0.9,0.9,56.0
J0402201,白肉鮭魚切片,,Salmon,魚貝類,151.0,22.6,6.1,0.3,53.0
J0402301,紅肉鮭魚切片,,Salmon,魚貝類,158.0,24.3,6.0,0.0,72.0
J04024,大西洋鮭魚平均值(去皮),,Atlantic salmon,魚貝類,221.0,20.2,14.9,0.0,45.0
J0402401,大西洋鮭魚(台灣養殖),,Atlantic salmon,魚貝類,155.0,23.6,6.0,0.0,45.0
J0402402,大西洋鮭魚切片(中段),,Atlantic salmon,魚貝類,174.0,20.7,9.5,0.0,39.0
J0402403,大西洋鮭魚切片(尾段),,Atlantic salmon,魚貝類,204.0,20.7,12.8,0.0,61.0
J0402404,大西洋鮭魚生魚片,,Atlantic salmon,魚貝類,222.0,19.6,15.3,0.0,36.0
J0402405,大西洋鮭魚腹肉,,Atlantic salmon,魚貝類,349.0,16.4,31.0,0.0,42.0
J0402501,麥奇鈎吻鮭(去皮),"鱒魚,虹鱒,麥奇鉤吻鱒",Rainbow trout,魚貝類,160.0,20.9,7.8,0.0,48.0
J0402601,麥奇鈎吻鮭(含皮),"鱒魚,虹鱒,麥奇鉤吻鱒",Rainbow trout,魚貝類,147.0,20.1,6.8,0.4,23.0
J0402701,姬魚,"仙女魚,狗母,汕狗母",Aulopus,魚貝類,104.0,24.1,0.2,0.0,88.0
J0402801,印度鐮齒魚,"水狗母,粉粘,那哥,那個魚",Bombay duck; Bombay duck (India); Bombay duck fish; Bombay-duck,魚貝類,49.0,10.4,0.5,0.4,192.0
J0402901,狗母魚(蛇鯔),"狗母梭,狗母",Lizardfish; Dog-head fish,魚貝類,103.0,20.8,1.6,0.1,60.0
J0403001,鮟鱇,,,魚貝類,68.0,14.9,0.5,0.6,117.0
J04031,鯔平均值(去皮),"烏(鯔/信/聖)魚,青頭仔(幼魚),奇目仔(成魚),正(大)烏,正(回)頭烏,日本鯔",Common mullet; Flathead mullet; Grey mullet; Striped mullet,魚貝類,152.0,20.6,7.1,0.3,50.0
J0403101,鯔(2月),"青頭仔(幼魚),奇目仔(成魚),信魚,正烏,烏魚,正頭烏,回頭烏,大烏(澎湖)",Sea mullet; River mullet; Springer; Striped mullet; Common grey mullet; Common mullet; Black mullet; Bright mullet; Black true mullet; Bully mullet; Callifaver mullet; Flathead grey mullet; Mullet;,魚貝類,137.0,20.4,5.5,1.6,42.0
J0403102,鯔(4月),"青頭仔(幼魚),奇目仔(成魚),信魚,正烏,烏魚,正頭烏,回頭烏,大烏(澎湖)",Sea mullet; River mullet; Springer; Striped mullet; Common grey mullet; Common mullet; Black mullet; Bright mullet; Black true mullet; Bully mullet; Callifaver mullet; Flathead grey mullet; Mullet;,魚貝類,133.0,20.4,5.0,0.9,43.0
J0403103,鯔(8月),"青頭仔(幼魚),奇目仔(成魚),信魚,正烏,烏魚,正頭烏,回頭烏,大烏(澎湖)",Sea mullet; River mullet; Springer; Striped mullet; Common grey mullet; Common mullet; Black mullet; Bright mullet; Black true mullet; Bully mullet; Callifaver mullet; Flathead grey mullet; Mullet;,魚貝類,224.0,17.3,16.7,0.0,73.0
J0403104,"鯔(11月,雄魚)","青頭仔(幼魚),奇目仔(成魚),信魚,正烏,烏魚,正頭烏,回頭烏,大烏(澎湖)",Sea mullet; River mullet; Springer; Striped mullet; Common grey mullet; Common mullet; Black mullet; Bright mullet; Black true mullet; Bully mullet; Callifaver mullet; Flathead grey mullet; Mullet;,魚貝類,129.0,21.3,4.2,0.0,63.0
J0403105,"鯔(11月,雌魚)","青頭仔(幼魚),奇目仔(成魚),信魚,正烏,烏魚,正頭烏,回頭烏,大烏(澎湖)",Sea mullet; River mullet; Springer; Striped mullet; Common grey mullet; Common mullet; Black mullet; Bright mullet; Black true mullet; Bully mullet; Callifaver mullet; Flathead grey mullet; Mullet;,魚貝類,141.0,21.5,5.5,0.0,57.0
J0403106,"鯔(12月,雄魚)","青頭仔(幼魚),奇目仔(成魚),信魚,正烏,烏魚,正頭烏,回頭烏,大烏(澎湖)",Sea mullet; River mullet; Springer; Striped mullet; Common grey mullet; Common mullet; Black mullet; Bright mullet; Black true mullet; Bully mullet; Callifaver mullet; Flathead grey mullet; Mullet;,魚貝類,137.0,21.1,5.2,0.9,59.0
J0403107,"鯔(12月,雌魚)","青頭仔(幼魚),奇目仔(成魚),信魚,正烏,烏魚,正頭烏,回頭烏,大烏(澎湖)",Sea mullet; River mullet; Springer; Striped mullet; Common grey mullet; Common mullet; Black mullet; Bright mullet; Black true mullet; Bully mullet; Callifaver mullet; Flathead grey mullet; Mullet;,魚貝類,149.0,21.8,6.2,0.2,37.0
J0403108,鯔切片,"青頭仔(幼魚),奇目仔(成魚),信魚,正烏,烏魚,正頭烏,回頭烏,大烏(澎湖)",Sea mullet; River mullet; Springer; Striped mullet; Common grey mullet; Common mullet; Black mullet; Bright mullet; Black true mullet; Bully mullet; Callifaver mullet; Flathead grey mullet; Mullet;,魚貝類,170.0,21.2,8.8,0.0,27.0
J0403201,鯔(含皮),"青頭仔(幼魚),奇目仔(成魚),信魚,正烏,烏魚,正頭烏,回頭烏,大烏(澎湖)",Sea mullet; River mullet; Springer; Striped mullet; Common grey mullet; Common mullet; Black mullet; Bright mullet; Black true mullet; Bully mullet; Callifaver mullet; Flathead grey mullet; Mullet;,魚貝類,155.0,20.6,7.4,0.0,49.0
J0403301,斑鰭飛魚,"小烏,飛烏,花烏(澎湖)",Yellowing flyingfish; Yellowfin flying fish; Yellow-wing flyingfish; Spotwing flyingfish; Spotted flyingfish,魚貝類,94.0,22.0,0.1,0.2,54.0
J0403401,斑鱵,"補網師,水針,莎優莉,簪針(澎湖),七星針(南部)",Spotted halfbeak; Barred garfish; Black barred garfish; Blackbarred halfbeak; Black-barred halfbeak; Black-barred garfish; Barred halfbeak; Halfbeak,魚貝類,91.0,20.6,0.3,0.3,79.0
J0403501,鱷形叉尾鶴鱵,"青旗,學仔,白天青旗,圓學(澎湖)",Needle fish; Needlefish; Ocean piper; Crocodile needlefish; Crocodile longtom; Houndfish; Hound needlefish; Longjaw; Giant long-tom; Fork tail alligator gar; Gar; Hound; Garfish; Guardfish,魚貝類,98.0,22.4,0.3,0.2,64.0
J0403601,金鱗魚,,Squirrelfish,魚貝類,85.0,19.5,0.2,1.3,61.0
J0403701,鱗馬鞭魚,"馬鞭魚,馬戍,槍管,火管,剃仔,土管(臺東)",Rough flutemouth; Red cornet fish; Red cornetfish; Serrate flutemouth; Pipefish; Rough flute mouth; Cornet fish; Flute mouth; Flutemouth; Lacepede's cornetfish,魚貝類,84.0,18.5,0.5,0.0,121.0
J0403801,黃鱔,"鱔魚,田鱔,田鰻,長魚,血魚,羅魚,無鱗公子",Rice (paddy) field eel; Rice swampeel; Rice paddy eel; Rice eel; Swamp eel,魚貝類,88.0,17.6,1.4,1.0,55.0
J0403901,石狗公,"石頭魚,獅甕(澎湖),紅鱠仔",Rockfish; Scorpionfish; Filefish,魚貝類,80.0,18.3,0.2,0.0,67.0
J0404001,環紋簑鮋,"龍鬚簑鮋,獅子魚,長獅,魔鬼,國公,石狗敢,虎魚,雞公,紅虎,火烘,石頭魚",Luna lion fish,魚貝類,79.0,18.4,0.1,0.0,145.0
J0404101,深海鱗角魚,"深海角魚,雞角,角仔魚",Gurnard; Searobin,魚貝類,80.0,17.7,0.5,0.0,105.0
J0404201,尖嘴鱸(去皮),"金目鱸,盲槽,扁紅目鱸",Palmer; Sea bass; Silver perch; Silver barramundi; White sea bass; Asian seabass; Cock-up; Barramundi perch; Barramundi; Giant seaperch; Giant perch; Giant sea-perch; Giant sea perch,魚貝類,98.0,20.6,1.2,0.1,48.0
J0404301,尖嘴鱸(含皮),"金目鱸,盲槽,扁紅目鱸",Palmer; Sea bass; Silver perch; Silver barramundi; White sea bass; Asian seabass; Cock-up; Barramundi perch; Barramundi; Giant seaperch; Giant perch; Giant sea-perch; Giant sea perch,魚貝類,107.0,19.6,2.6,0.0,51.0
J04044,日本花鱸平均值,"七星鱸,花鱸,青鱸,鱸魚,日本真鱸",Perch; Sea bass; Japanese seaperch; Japanese sea bass; Japan sea bass,魚貝類,98.0,19.9,1.5,0.9,62.0
J0404401,日本花鱸(2月),"七星鱸,花鱸,青鱸,鱸魚,日本真鱸",Perch; Sea bass; Japanese seaperch; Japanese sea bass; Japan sea bass,魚貝類,95.0,20.1,1.0,1.9,44.0
J0404402,日本花鱸((3月),"七星鱸,花鱸,青鱸,鱸魚,日本真鱸",Perch; Sea bass; Japanese seaperch; Japanese sea bass; Japan sea bass,魚貝類,100.0,20.0,1.6,0.5,65.0
J0404403,日本花鱸((8月),"七星鱸,花鱸,青鱸,鱸魚,日本真鱸",Perch; Sea bass; Japanese seaperch; Japanese sea bass; Japan sea bass,魚貝類,95.0,19.0,1.6,1.5,57.0
J0404404,日本花鱸((11月),"七星鱸,花鱸,青鱸,鱸魚,日本真鱸",Perch; Sea bass; Japanese seaperch; Japanese sea bass; Japan sea bass,魚貝類,99.0,20.5,1.3,0.1,64.0
J0404405,日本花鱸((12月),"七星鱸,花鱸,青鱸,鱸魚,日本真鱸",Perch; Sea bass; Japanese seaperch; Japanese sea bass; Japan sea bass,魚貝類,101.0,19.6,1.9,0.4,78.0
J0404501,日本花鱸(含皮),"七星鱸,花鱸,青鱸,鱸魚,日本真鱸",Perch; Sea bass; Japanese seaperch; Japanese sea bass; Japan sea bass,魚貝類,111.0,19.2,3.2,0.8,55.0
J0404601,白鱸,,,魚貝類,76.0,17.7,0.1,1.0,55.0
J0404701,條紋狼鱸,,Striped bass,魚貝類,147.0,21.4,6.2,0.0,69.0
J0404801,鱖,,,魚貝類,89.0,17.7,1.5,0.0,47.0
J0404901,白緣星鱠,"闊嘴格仔,鱠,過魚,石斑,紅朱鱠(臺東),粉條(澎湖)",Painted coral trout; Whitemargin lyretail grouper; White-edged lyretail; Moontail seabass; Lunar-tailed grouper; Lyretail trout; Lyretail grouper; Lyre-tail trout,魚貝類,101.0,19.9,1.8,0.0,70.0
J04050,青星九刺鮨平均值,"紅鱠(條/格),七星斑,紅格仔,過(鯌/髻/郭)魚,石斑,條舅,青星九棘鱸,仔石斑,夕鱠",Blue-spotted rockcod; Coral hind; Coral rockcod; Vermillion seabass,魚貝類,94.0,20.9,0.5,0.0,46.0
J0405001,青星九刺鮨,"紅鱠,紅格仔,過魚,石斑,條舅,紅條,鱠仔(臺東)",Red coral perch; Red grouper; Vermillion seabass; Vermilion rock cod; Vermilion grouper; Blue-spotted rockcod; Coral grouper; Coral cod; Coral trout; Coral hind; Coral rockcod,魚貝類,83.0,19.3,0.1,0.5,47.0
J0405002,青星九刺鮨魚片,"紅鱠,紅格仔,過魚,石斑,條舅,紅條,鱠仔(臺東)",Red coral perch; Red grouper; Vermillion seabass; Vermilion rock cod; Vermilion grouper; Blue-spotted rockcod; Coral grouper; Coral cod; Coral trout; Coral hind; Coral rockcod,魚貝類,104.0,22.6,0.8,0.0,45.0
J0405101,斑帶石斑魚,"石斑,過魚,罔仔,竹節鱠,擬青石斑魚",Rock grouper,魚貝類,90.0,20.2,0.5,0.0,91.0
J0405102,龍虎石斑魚,"龍虎斑,巴龍膽,珍珠龍膽,虎膽","Epinephelus fuscoguttayus x Epinephelus lanceolatus, Tiger grouper",魚貝類,122.0,20.6,3.8,1.2,69.0
J0405201,斑點九刺鮨(去皮),"眼斑鱠,過魚,石斑,油鱠,青貓,黑鱠僅,黑鱠仔(澎湖)",Seabass; Peacock hind; Peacock grouper; Peacock cod; Peacock rockcod; Peacock rock-cod; Peacock coral cod; Peacock rock cod; Worldwide-peacock rockcod; Blue spotted grouper; Bluespotted grouper;,魚貝類,82.0,18.8,0.2,0.9,157.0
J0405301,斑點九刺鮨(含皮),"眼斑鱠,過魚,石斑,油鱠,青貓,黑鱠僅,黑鱠仔(澎湖)",Seabass; Peacock hind; Peacock grouper; Peacock cod; Peacock rockcod; Peacock rock-cod; Peacock coral cod; Peacock rock cod; Worldwide-peacock rockcod; Blue spotted grouper; Bluespotted grouper;,魚貝類,84.0,19.4,0.1,0.0,59.0
J0405401,棕點石斑魚,"老虎斑,過魚",Tiger grouper; Blotch grouper; Blotchy rockcod; Black-tipped cod; Blotchy grouper; Brown-marbled grouper; Flower cod; Flowery cod; Marble grouper; Grouper,魚貝類,115.0,19.1,3.7,0.0,79.0
J0405501,鞍帶石斑魚片,"龍膽石斑,過魚,槍頭石斑魚,倒吞鱟,鴛鴦鱠,龍躉(香港)",Queensland grouper; Queensland groper; Bridlebass; Brindlebass; Brindle grouper; Brindle bass; Giant grouper,魚貝類,155.0,19.1,8.2,0.2,118.0
J0405601,駝背鱸,"老鼠斑,鰵魚,烏丸稅,尖嘴鱠仔,觀音鱠,斟鰻鱠(澎湖)",Panther grouper; Pantherfish; Red fish; Polka-dot grouper; Polkadot grouper; Barramundi cod; Baramundi cod; Barrimundi cod; Hump-back rock-cod; Flatfish grouper; Highfinned grouper; Humpback rockcod;,魚貝類,83.0,18.1,0.6,0.0,93.0
J0405701,橫紋九刺鮨,"橫帶鱠,過魚,石斑,黑貓仔,黑絲貓,竹鱠仔,黑青貓仔(澎湖),烏絲(香港)",Overcast grouper; Chocolate hind; Brown-barred rockcod; Brownbarred rockcod; Brownbarred grouper; Charcoal grouper; Brown coral cod; Brown coral-cod,魚貝類,85.0,19.3,0.3,0.0,81.0
J0405801,大口黑鱸,"黑鱸,加州鱸,淡水鱸",Largemouth black bass,魚貝類,130.0,20.7,4.6,0.0,101.0
J0405901,日本紅目大眼鯛,"紅目鰱,嚴公仔,大目仔(臺東),紅目孔(澎湖),嚴公舅(澎湖)",Red big eye; Bigeye; Bulleye; Deepwater bullseye; Longfinned bullseye; Long-finned bullseye,魚貝類,97.0,19.6,1.5,0.0,63.0
J0406001,血斑異大眼鯛,"紅目鰱,嚴公仔",Rock bullseye; Red big-eye; Bullseye; Dusky-finned bullseye; Bigeye; Balarton; Catalufa; Glasseye snapper; Glass bigeye; Glasseye; Moonshine conga; Moonshine snapper,魚貝類,93.0,20.6,0.6,0.0,119.0
J0406101,多鱗沙鮻,"沙腸仔,kiss 魚",Silver sillago,魚貝類,90.0,18.6,1.2,0.6,96.0
J0406201,日本馬頭魚,"馬頭,方頭魚,吧唄,紅尾,吧口弄,紅馬頭,紅甘鯛",Red tilefish; Horse-head fish; Horse head; Japanese horsehead fish,魚貝類,85.0,18.7,0.6,0.0,86.0
J0406301,白馬頭魚,"馬頭,方頭魚,馬頭,方頭魚,白馬頭,拉崙(澎湖),白甘鯛",Tilefish; White horsehead,魚貝類,91.0,19.2,1.0,0.1,63.0
J0406401,鬼頭刀魚片,"鱰魚,萬魚,飛烏虎,鬼頭刀(臺東),鱰,萬引,扁頭刀(澎湖),九萬仔(澎湖)",Common dolphifish; Dolphinfish; Dolphin fish; Common dolphin; Dolphin; Dorado; Common dolphinfish; Common dolphin fish; Mahimahi; Green dolphin; Mahi-mahi; Mahi mahi,魚貝類,78.0,17.2,0.5,0.0,178.0
J0406501,鬼頭刀,"鱰魚,萬魚,飛烏虎,鬼頭刀(臺東),鱰,萬引,扁頭刀(澎湖),九萬仔(澎湖)",Common dolphifish; Dolphinfish; Dolphin fish; Common dolphin; Dolphin; Dorado; Common dolphinfish; Common dolphin fish; Mahimahi; Green dolphin; Mahi-mahi; Mahi mahi,魚貝類,107.0,21.8,1.5,0.0,55.0
J0406601,海鱺,"海麗仔,軍曹魚,海龍魚,黑魽,海麗(臺東),海魚戾魚,錫臘白,海鱺/鱺魚/紅目鱺(澎湖)",Runner; Prodigal son; Sergeant fish; Sergeantfish; Crabeater; Black salmon; Cubby yew; Cabio; Black king fish; Cobia; Black kingfish; Cod; Kingfish,魚貝類,106.0,20.4,2.1,0.0,131.0
J0406602,海鱺魚片,"海麗仔,軍曹魚,海龍魚,黑魽,海麗(臺東),海魚戾魚,錫臘白,海鱺/鱺魚/紅目鱺(澎湖)",Runner; Prodigal son; Sergeant fish; Sergeantfish; Crabeater; Black salmon; Cubby yew; Cabio; Black king fish; Cobia; Black kingfish; Cod; Kingfish,魚貝類,264.0,19.3,20.1,0.0,50.0
J0406701,大口逆鈎鰺,"七星仔,棘蔥仔,鬼平,龜濱,龜柄,油面仔(臺東),歸秉/龜秉/肥柄(澎湖)",Queenfish; Talang queenfish; Talang queen fish; Largemouth queenfish,魚貝類,103.0,21.8,1.1,0.1,54.0
J0406801,大甲鰺,"鐵甲,扁甲,大目巴攏,大甲鰺",Torpedo scad; Torpedo trevally; Cordyla scad; Finletted mackerel; Finny scad; Hardtail scad,魚貝類,105.0,21.2,1.6,0.4,90.0
J0406901,日本竹筴魚,"巴攏,竹莢魚,瓜仔魚,真鰺,巴蘭,瓜魚,巴弄/硬尾(澎湖),黑尾",Japanese scad; Japanese jack mackerel; Japanese horse mackerel; Jack mackerel,魚貝類,116.0,23.0,2.0,0.0,88.0
J0407001,布氏鯧鰺(去皮),"金槍,金鯧,紅杉,紅沙瓜仔,長鰭黃臘鰺,甘仔魚(臺東),紅紗(澎湖)",Snubnose pompano; Silver pampano; Silver pompano; Snub-nosed dart; Snub-nosed swallowtail; Permit; Snub-nosed dart; Pompio; Ovate pompano; Round pompano; Pompano; Snubnose dart; Spinous dory;,魚貝類,192.0,20.3,11.7,0.0,49.0
J0407101,布氏鯧鰺(含皮),"金槍,金鯧,紅杉,紅沙瓜仔,長鰭黃臘鰺,甘仔魚(臺東),紅紗(澎湖)",Snubnose pompano; Silver pampano; Silver pompano; Snub-nosed dart; Snub-nosed swallowtail; Permit; Snub-nosed dart; Pompio; Ovate pompano; Round pompano; Pompano; Snubnose dart; Spinous dory;,魚貝類,190.0,17.5,12.8,0.0,36.0
J0407201,杜氏鰤,"紅甘,紅甘鰺,竹午,汕午,紅頭午",Purplish amberjack; Rock salmon; Sailor's choice; Yellow tail; Amberjack; Allied kingfish; Greater yellowtail; Greater amberjack; Great yellowtail; Great amberfish; Jenny lind,魚貝類,115.0,21.9,2.4,0.2,41.0
J0407202,長鰭鰤魚,"油甘,黃尾鰺,甘仔,扁午,扁甘,柴魽",Seriola rivoliana,魚貝類,114.0,22.8,1.9,2.7,87.0
J0407301,范氏副葉鰺,甘仔魚,Blackfin scad; Herring scad,魚貝類,108.0,20.9,2.1,2.1,62.0
J0407401,泰勃圓鰺,硬尾,Redtail scad; Robin; Scad; Round robin; Roughear scad; Jack; Kingston; Greater Kingston,魚貝類,113.0,22.8,1.7,1.4,62.0
J0407501,烏鯧,"烏昌,三角昌,昌鼠魚,黑鯧,暗鯧,黑鰭,燕尾鯧",Pompano; Pomfret; Slade; Sweep; Blue skate; Butterfish; Black batfish; Brown pomfret; Black pompano; Black pomfret; Halibut; False butterfish,魚貝類,94.0,20.4,0.8,0.0,114.0
J0407601,無斑圓鰺,"紅瓜魚,巴攏,紅扁鰺,赤尾仔(臺東),赤尾,馬尾冬,紅瓜鰺,紅尾巴弄(澎湖)",Red tail scad; Redtail scad; Pacific redtail scad,魚貝類,119.0,23.9,1.9,0.0,130.0
J0407701,藍圓鰺,"硬尾,廣仔,甘廣,四破,巴攏,金鼓,吧弄,巴弄/孔仔(澎湖)",Round scad; White-tipped mackerel scad; Whitetip scad; Deep-bodied round scad; Japanese scad; Mackerel scad,魚貝類,114.0,24.0,1.3,0.0,57.0
J0407801,雙帶鰺,"海草,拉侖,拉崙/柴魚/青甘(澎湖)",Rainbow runner,魚貝類,118.0,22.6,2.4,0.0,43.0
J0407901,眼眶魚,"皮刀,眼眶魚,庖刀魚,皮鞋刀,菜刀魚,剃頭刀(澎湖)",Razor trevally; Moonfish,魚貝類,113.0,20.3,2.9,0.2,108.0
J0408001,斯氏長鰭烏魴,"深海三角仔,黑飛刀,黑皮刀,三角仔(臺東),大鱗烏鯧(澎湖)",Pomfret; Sickle pomfret,魚貝類,97.0,22.4,0.1,0.0,40.0
J0408101,史氏紅諧魚,"紅鰱魚,紅肉欉仔,紅嘴唇仔,紅唇仔,紅魚仔,白肉蒜,紅肉蒜",Japanese rubyfish,魚貝類,97.0,21.1,0.7,0.0,75.0
J0408201,希氏姬鯛,"鎖吾,散午,紅魚仔,紅臭魚仔,紅臭魚(臺東),白肉蒜",Snapper; Von Siebold's snapper fish; Jobfish; Lavender jobfish,魚貝類,91.0,21.1,0.1,0.5,57.0
J0408301,赤鰭笛鯛,"紅雞仔,赤海雞,赤筆仔(臺東),赤筆,赤海,紅魚,紅鰭赤海/鐵汕婆(澎湖)",Small-mouthed nannygai; Saddle-tailed sea-perch; Pink snapper; Red bream; Red jew; Redfish; Red snapper; Scarlet snapper; Black; Crimson snapper; High brow sea perch,魚貝類,88.0,20.4,0.1,0.0,91.0
J0408401,孟加拉笛鯛,"赤筆仔,黃雞母(澎湖)",Red snapper; Bengal snapper,魚貝類,87.0,19.8,0.3,0.0,62.0
J0408501,前鱗笛鯛,赤筆仔,Indian snapper,魚貝類,101.0,22.0,0.8,0.9,60.0
J0408601,馬拉巴笛鯛,"赤海,赤筆仔",Saddletail snapper; Redfish; Red jew; Saddle-tailed sea-perch; Red emperor; Red snapper; Silver; Scarlet sea-perch; Red bream; Saddle-tail snapper; Big-mouth nannygai; Large-mouthed nannygai;,魚貝類,86.0,20.2,0.0,0.0,96.0
J0408701,單斑笛鯛,"點記,黑點仔,黃翅,赤筆仔,點誌仔,龍王(臺東)",Onespot snapper; One-spot snapper; Onespot perch; One-spot seaperch; Black spot snapper,魚貝類,106.0,20.7,1.9,0.0,45.0
J0408801,黃擬烏尾鮗,"黃雞仔,包公雞,貢仔,黃腳佳仔,黃加甲(臺東),烏尾冬/青雞仔(澎湖)",Snapper,魚貝類,80.0,18.7,0.1,0.3,82.0
J0408901,葉唇笛鯛,"厚唇仔,紅魚",Tang's snapper,魚貝類,118.0,19.9,3.7,0.0,75.0
J0409001,松鯛,"打鐵婆,枯葉,石鯽,睡魚,庫羅黛,睏魚,海南洋仔,南洋鱸魚,海吳郭,流魚/柴魚/打鐵鱸(澎湖)",Sleepfish; Triple-tail; Triple tail; Tripletail; Brown triple tail; Conchy leaf; Atlantic tripletail; Bouyfish; Black grunt; Dusky tripletail; Black perch; Dusky triple-tail; Flasher,魚貝類,98.0,18.2,2.3,0.1,76.0
J0409101,三線磯鱸,"三線雞魚,黃雞仔,雞仔魚,番仔加誌,黃公仔魚,黃雞魚,三爪仔,雞魚(澎湖),青筆",Chicken grunt; Grunt,魚貝類,130.0,19.0,5.4,0.6,58.0
J0409201,星雞魚,"雞仔魚,石鱸,厚鱸,頭額/金龍/刣額(澎湖)",Silver grunt; Common javelinfish; Javelin grunter; Javelin grunt,魚貝類,99.0,20.6,1.2,0.4,73.0
J0409301,密點少棘胡椒鯛,"雞仔魚,加志,少棘石鱸,圭誌/烏嘉誌(澎湖)",Sailfin rubberlip; Painted sweetlips; Painted sweetlip; Pointed sweet lip; Slatey sweetlips; Sweetlip,魚貝類,94.0,19.5,1.2,0.0,74.0
J0409401,金線魚,"金線鰱,黃線,紅杉",Golden threadfin bream; Golden thread,魚貝類,119.0,20.9,3.3,0.0,103.0
J0409501,青嘴龍占魚,"龍尖,龍占,青嘴仔,青嘴/尖嘴仔(澎湖)",Sand snapper; Parrot-fish; North-west snapper; Norwest snapper; Snuppy; Spangled emperor; Scavenger; Red-finned emperor; Pig-faced bream; Tricky snapper; Starry pigface bream; Yellow sweetlip;,魚貝類,128.0,22.7,3.4,0.0,87.0
J0409601,網紋龍占魚,"龍尖,龍占(臺東)",Red snout emperor,魚貝類,101.0,21.7,1.0,0.0,90.0
J0409701,平鯛,"黃錫鯛,枋頭,邦頭/枋頭/白嘉鱲(澎湖)",Silver sea bream; Natal stumpnose; Silver bream; Yellowfin bream; Yellow fin bream; Tarwhine; Goldlined seabream; Gold-line sea bream; Goldloned seabream,魚貝類,158.0,21.0,7.6,0.5,32.0
J0409801,阿部牙鯛,"赤鯮,阿部赤鯮",,魚貝類,124.0,18.9,4.8,0.0,65.0
J04099,真鯛平均值(去皮),"嘉鱲魚,正鯛,加臘,加蚋,加魶,真鯛,加幾魚,銅盆魚,棘鬣魚",Red seabream; Red tail; Red porgy; Silver seabream; Red sea bream; Red pargo; Genuine porgy; Japanese seabream; Madai; Japanese porgy,魚貝類,110.0,20.6,2.5,0.2,60.0
J0409901,真鯛(1月),"嘉鱲魚,正鯛,加臘,加蚋,加魶,真鯛,加幾魚,銅盆魚,棘鬣魚",Red seabream; Red tail; Red porgy; Silver seabream; Red sea bream; Red pargo; Genuine porgy; Japanese seabream; Madai; Japanese porgy,魚貝類,100.0,20.1,1.6,0.7,54.0
J0409902,真鯛(3月),"嘉鱲魚,正鯛,加臘,加蚋,加魶,真鯛,加幾魚,銅盆魚,棘鬣魚",Red seabream; Red tail; Red porgy; Silver seabream; Red sea bream; Red pargo; Genuine porgy; Japanese seabream; Madai; Japanese porgy,魚貝類,101.0,20.8,1.3,0.7,64.0
J0409903,真鯛(5月),"嘉鱲魚,正鯛,加臘,加蚋,加魶,真鯛,加幾魚,銅盆魚,棘鬣魚",Red seabream; Red tail; Red porgy; Silver seabream; Red sea bream; Red pargo; Genuine porgy; Japanese seabream; Madai; Japanese porgy,魚貝類,87.0,20.0,0.1,0.0,64.0
J0409904,真鯛(8月),"嘉鱲魚,正鯛,加臘,加蚋,加魶,真鯛,加幾魚,銅盆魚,棘鬣魚",Red seabream; Red tail; Red porgy; Silver seabream; Red sea bream; Red pargo; Genuine porgy; Japanese seabream; Madai; Japanese porgy,魚貝類,176.0,20.6,9.8,1.7,51.0
J0409905,真鯛(9月),"嘉鱲魚,正鯛,加臘,加蚋,加魶,真鯛,加幾魚,銅盆魚,棘鬣魚",Red seabream; Red tail; Red porgy; Silver seabream; Red sea bream; Red pargo; Genuine porgy; Japanese seabream; Madai; Japanese porgy,魚貝類,92.0,21.6,0.0,0.0,60.0
J0409906,真鯛(11月),"嘉鱲魚,正鯛,加臘,加蚋,加魶,真鯛,加幾魚,銅盆魚,棘鬣魚",Red seabream; Red tail; Red porgy; Silver seabream; Red sea bream; Red pargo; Genuine porgy; Japanese seabream; Madai; Japanese porgy,魚貝類,105.0,20.3,2.0,0.0,66.0
J0410001,黃鰭棘鯛,"黃鰭鯛,黃鰭,赤翅仔,赤翅,花身,鏡鯛",Yellow-finned black porgy; Yellow fin seabream; Yellow seabream; Yellow sea bream; Yellowfin seabream; Japanese silver bream,魚貝類,136.0,19.2,6.0,0.6,70.0
J0410101,黑棘鯛(去皮),"黑鯛,烏格,黑格,厚唇,烏毛,烏鱠,黑頰(澎湖)",Black sea bream; Blackhead seabream; Black porgy,魚貝類,136.0,20.3,5.5,0.6,46.0
J0410201,黑棘鯛(含皮),"黑鯛,烏格,黑格,厚唇,烏毛,烏鱠,黑頰(澎湖)",Black sea bream; Blackhead seabream; Black porgy,魚貝類,165.0,19.5,9.0,0.0,66.0
J0410301,多鱗四指馬鮁,"四絲馬鮁,四指馬鮁,竹午,大午,午仔,鬚午仔/發鬚午仔(澎湖)",East Asian fourfinger threadfin,魚貝類,146.0,19.0,7.2,0.0,69.0
J0410401,大黃魚,"黃魚,黃瓜,黃花魚,黃口,火口,大黃花",Croceine croaker; Large yellow croaker,魚貝類,142.0,16.8,7.8,0.2,40.0
J0410501,小黃魚(去皮),"黃魚,小黃瓜,厚鱗仔,黃口,黃順,黃瓜,紅瓜",Yellow croaker; Yellowfish; Croaker; Little yellow croaker,魚貝類,100.0,20.0,1.6,0.0,92.0
J0410601,小黃魚(含皮),"黃魚,小黃瓜,厚鱗仔,黃口,黃順,黃瓜,紅瓜",Yellow croaker; Yellowfish; Croaker; Little yellow croaker,魚貝類,100.0,19.4,1.9,0.0,76.0
J0410701,白姑魚,"白口,帕頭,黃順,加網(澎湖)",Silver sea meagre; Silver croaker; White croaker; Croaker,魚貝類,97.0,18.8,1.8,0.0,85.0
J0410801,眼斑擬石首魚,紅鼓魚,Red drum,魚貝類,95.0,19.7,1.2,0.9,71.0
J0410901,黃姑魚,"春子,假黃魚,黃婆,紅花(臺南安平)",White flower croaker; Flower croaker,魚貝類,89.0,19.4,0.7,0.0,71.0
J0411001,黑䱛,"黑口,烏喉,黑喉(臺東),加正,烏加網,黑喉,臭魚",Croaker; Black croaker; Blackmouth croaker; Longfin kob,魚貝類,149.0,17.9,8.0,1.2,56.0
J0411101,鮸,"鮸仔,敏魚,米魚,水鮸仔",Mi-iuy croaker,魚貝類,104.0,23.3,0.5,0.0,52.0
J0411201,鱗鰭叫姑魚,"春子,油口/臭肚仔/金線加網(澎湖)",Croaker,魚貝類,99.0,18.4,2.3,0.3,78.0
J0411301,黑斑海緋鯉,"秋姑,鬚哥,黑點秋哥/外海秋哥(澎湖)",Sidespot goatfish; Sidedspot goatfish; Spotted goatfish; Whitespot goatfish; Blackspot goatfish,魚貝類,97.0,18.8,1.8,0.0,55.0
J0411401,斑點雞籠鯧,"銅盤仔,鏡鯧,金鏡,定盤,咬破埔,金鐘(澎湖)",Sicklefish; Spotted bat fish; Spotted sicklefish; Spotted drepane; Spotted batfish; Drepane,魚貝類,97.0,21.9,0.4,0.0,71.0
J0411501,花身鯻,"花身仔,斑吾,雞仔魚,三抓仔,花身鯻,邦五/斑午/兵舅仔/斑龜仔(澎湖)",Thornfish; Three-striped tiger fish; Cresent grunter; Crescent perch; Crescent-banded grunter; Crescent-banded tiger-fish; Jarbua terapon,魚貝類,157.0,19.5,8.2,0.0,60.0
J0411601,花尾唇指翁(翁加魚邊),"咬破布,三康,金花,萬年瘦,瘦仔/蝨鬢(澎湖)",White-spot-tail morwong; Spottedtail morwong; Flagfish; Flag fish; Morwong,魚貝類,116.0,19.8,3.4,0.6,71.0
J0411701,尼羅口孵非鯽(去皮),"南洋鯽仔,尼羅吳郭魚",Nile tilapia; Nilotica; Cichlid; Edward tilapia; Mozambique tilapia; Mango fish,魚貝類,113.0,20.4,2.9,0.0,62.0
J0411801,尼羅口孵非鯽(含皮),"南洋鯽仔,尼羅吳郭魚",Nile tilapia; Nilotica; Cichlid; Edward tilapia; Mozambique tilapia; Mango fish,魚貝類,125.0,19.4,4.7,0.0,42.0
J0411802,尼羅口孵非鯽(含皮)(2022年取樣),"南洋鯽仔,尼羅吳郭魚",Nile tilapia; Nilotica; Cichlid; Edward tilapia; Mozambique tilapia; Mango fish,魚貝類,122.0,20.4,3.9,3.0,62.0
J0411901,花身副麗魚,"珍珠石斑,淡水石斑,馬拉麗體魚",Jaguar guapote、Managuense、Guapote tiger,魚貝類,112.0,17.7,4.1,1.1,49.0
J0412001,紅色吳郭魚,"尼羅魚;台灣鯛,紅色尼羅魚,姬鯛,紅吳郭魚,濱鯛",Red mouthbreeder; Red tilapia,魚貝類,108.0,18.3,3.3,1.3,68.0
J0412002,台灣鯛魚片(生),,Tilapia,魚貝類,110.0,18.2,3.6,2.5,46.0
J0412003,台灣鯛魚片(生)(2021年),,Tilapia,魚貝類,109.0,17.9,3.7,1.5,31.0
J0412101,台灣鯛魚片(水煮),,Tilapia,魚貝類,130.0,23.4,3.3,1.3,34.0
J0412102,台灣鯛魚片(油煎),,Tilapia,魚貝類,162.0,23.1,6.9,1.9,67.0
J0412103,"台灣鯛魚片(烤,190℃,10分鐘)",,Tilapia,魚貝類,111.0,19.7,3.0,1.8,48.0
J0412104,"台灣鯛魚片(烤,190℃,20分鐘)",,Tilapia,魚貝類,134.0,23.0,4.0,2.1,54.0
J0412105,"台灣鯛魚片(烤,230℃,10分鐘)",,Tilapia,魚貝類,127.0,21.3,4.0,1.5,50.0
J0412106,"台灣鯛魚片(烤,230℃,20分鐘)",,Tilapia,魚貝類,142.0,24.6,4.1,2.5,65.0
J0412107,台灣鯛魚片(清蒸),,Tilapia,魚貝類,112.0,19.3,3.3,2.2,59.0
J0412108,台灣鯛魚片(微波),,Tilapia,魚貝類,140.0,24.9,3.7,1.4,85.0
J0412201,台灣鯛魚湯(水煮),,Tilapia soup,魚貝類,5.0,0.9,0.2,0.0,13.0
J0412301,莫三比克口孵非鯽,"非洲仔,南洋鯽仔,在來吳郭魚,吳郭魚/鹹水吳郭(澎湖)",Tilapia; Common tilapia; African mouthbrooder; Largemouth kurper; Mozambique mouthbrooder; Kurper bream; Mozambique cichlid; Java tilapia; Mozambique tilapia,魚貝類,112.0,19.5,3.2,0.0,91.0
J0412401,薔薇項鰭魚(去皮),"薔薇連鰭唇魚,扁礫仔,紅姑娘仔,紅新娘,豎停仔,胭脂冷,角龍,平倍良,薔薇楔鯛,薔薇離鰭鯛,薔薇虹彩",Rosed razorfish,魚貝類,96.0,17.3,2.4,0.0,138.0
J0412501,薔薇項鰭魚(含皮),"薔薇連鰭唇魚,扁礫仔,紅姑娘仔,紅新娘,豎停仔,胭脂冷,角龍,平倍良,薔薇楔鯛,薔薇離鰭鯛,薔薇虹彩",Rosed razorfish,魚貝類,93.0,17.9,1.8,0.0,126.0
J0412601,藍豬齒魚,"石老,四齒仔,西齒,簾仔,寒鯛,鰱仔(澎湖)",Scarbreast tuskfin,魚貝類,81.0,18.5,0.2,0.2,65.0
J0412701,福氏鸚哥魚(去皮),"紅鸚哥,青鸚哥仔,青衣,青衫(雄),蠔魚(雌),紅海逮,紅咬齒,番仔魚(臺東)",Rainbow parrotfish; Princess parrotfish; Tricolor parrotfish; Whitespot parrotfish; Big belly parrotfish; Forsten's parrotfish; Forsten parrotfish,魚貝類,84.0,19.6,0.0,0.2,86.0
J0412801,橫紋鸚哥魚(含皮),鸚哥,Lunate parrotfish; Festive parrotfish,魚貝類,81.0,18.9,0.0,0.0,89.0
J0412901,藍點鸚哥魚,"鸚哥,黃衣魚,青衫(雄),紅蠔魚(雌),紅衫,蠔魚(雌)(澎湖)",Parrot fish; Parrotfish; Yellowscale parrotfish; Yellow scale parrot fish; Cream parrotfish; Bluebarred parrotfish; Blue-barred parrotfish; Blue barred parrotfish; Blue trim parrotfish;,魚貝類,86.0,20.1,0.1,0.6,61.0
J0413001,金錢魚,"變身苦,遍身苦(澎湖),金鼓",Scat; Spotted scad; Spotted butter fish; Spotted butt; Spotted scat; Spotted butterfish; Argus fish; Butterfish; Common scat; Leopard scat,魚貝類,196.0,19.3,12.6,0.0,70.0
J0413101,褐臭肚魚,"臭肚,象魚,樹魚,羊鍋,疏網,茄冬仔,象耳/臭肚仔/羊矮仔/盧矮仔(澎湖)",Rabbitfish; Pinspotted spinefoot; Sandy spinefoot; Spinefoot; Doctor fish; Dusky rabbitfish; Dusky spinefoot; Fuscous spinefoot; Mottled spinefoot; Fuscescens rabbitfish,魚貝類,164.0,19.9,8.8,0.6,52.0
J0413201,杜氏刺尾鯛,"眼紋倒吊,粗皮仔,倒吊(臺東)",Ornate surgeonfish; Pencilled surgeon; Pencilled surgeonfish; Palani; Penciled surgeonfish; Ornate sturgeonfish; Dussumier's surgeonfish; Eyestripe surgeonfish; Eye-stripe surgeonfish;,魚貝類,137.0,19.1,6.2,0.6,38.0
J0413301,後刺尾鯛,"倒吊,粗皮仔,番倒吊(澎湖),半水吊",Striped surgeonfish; Yellowmask surgeonfish; White-tail lancet; Blue-lined surgeonfish; Bleeker's surgeonfish; Elongate surgeonfish; Mata surgeonfish; Elongate surgeon,魚貝類,102.0,20.4,1.7,0.0,94.0
J0413401,鋸尾鯛,"黑豬哥,黑將軍,打鐵婆,剝皮仔,老娘(澎湖)",Scalpel sawtail,魚貝類,93.0,19.0,1.4,0.3,57.0
J0413501,大眼金梭魚,"針梭,竹梭,巴拉庫答",Blackspot barracuda; Bigeye barracuda; Forster's sea-pike,魚貝類,157.0,21.8,7.1,0.0,71.0
J0413601,鱗網帶鰆切片,"油魚,細鱗仔,玉梭魚,白玉豚",Escolar,魚貝類,272.0,17.3,22.0,0.0,84.0
J0413701,鱗網帶鰆(含皮),"油魚,細鱗仔,玉梭魚,白玉豚",Escolar,魚貝類,263.0,18.0,20.7,0.0,31.0
J0413801,白帶魚,"白魚,裙帶,肥帶,油帶,天竺帶魚,白帶魚,黃稜油帶(澎湖)",Silverfish; Ribbon fish; Common hairtail; Cutlassfish; Atlantic cutlassfish; Cutlass fish; Australian hairtail; Hairtail; Largehead hairtail; Largeheaded ribbonfish; Hair tail,魚貝類,102.0,19.6,2.0,0.0,54.0
J0413901,大目鮪,"大目仔,大眼鮪,大目串,短墩,串仔(澎湖),短鮪",Tuna; Bigeye tunny; Big eye tunny; Big-eye tunny; Coffrey; Bigeye tuna fish; Big-eye tuna; Bigeye tuna; Bigeye; Big eye; Big eye tuna; Bigeyed tuna; Bigeye Tuna,魚貝類,103.0,23.9,0.1,0.0,41.0
J0414001,正鰹,"煙仔虎,煙仔,小串,柴魚,肥煙,鯤(臺東),煙仔魚,卓鮶/大煙(澎湖)",Skipjack; Skipjack tuna; Skipjack tuna fish; Skipper; Oceanic skipjack; Oceanic bonito; Skippy; Skiy jack; Ocean bonito; Striped bellied tunny; White bonito; Striped tuna; Victor fish; Striped bonito;,魚貝類,149.0,23.1,5.6,0.0,50.0
J0414101,花腹鯖,"花飛,青輝,飛威/青飛/胡麻鯖",Southern mackerel; Pacific mackerel; Slimy mackerel; Spotted chub mackerel; Spotted mackerel; Chub mackerel; Common mackerel; Blue mackerel; Japanese mackerel,魚貝類,138.0,23.9,4.0,0.1,36.0
J0414201,高麗馬加鰆,"破北,闊北,闊腹仔,高麗鰆,破腹",Compressed mackerel; Korean seerfish; Korean mackerel,魚貝類,119.0,19.4,4.0,0.3,46.0
J0414301,康氏馬加鰆切片(去皮),"土魠,馬加,馬鮫,梭齒,頭魠,鰆,土托,康氏馬發,塗魠(澎湖)",Spaniard; Spanish mackerel; Seer; Snook; Striped seer; Doggie; Cybium; Barred mackerel; Barred Spanish mackerel; Commerson's mackerel; Narrowbarred mackerel; King seer; Katonkel barracuda kuda;,魚貝類,193.0,18.7,12.5,0.0,52.0
J0414401,康氏馬加鰆切片(含皮),"土魠,馬加,馬鮫,梭齒,頭魠,鰆,土托,康氏馬發,塗魠(澎湖)",Spaniard; Spanish mackerel; Seer; Snook; Striped seer; Doggie; Cybium; Barred mackerel; Barred Spanish mackerel; Commerson's mackerel; Narrowbarred mackerel; King seer; Katonkel barracuda kuda;,魚貝類,176.0,19.3,10.4,1.5,54.0
J0414501,臺灣馬加鰆,"白北,白腹仔",Spotted tangingi; Spotted seerfish; Spotted seer; Spotted Spanish mackerel; Indo-Pacific king mackerel; Indian Spanish mackerel; Indo-Pacific Spanish mackerel,魚貝類,180.0,20.2,10.4,0.0,51.0
J0414601,鮪魚生魚片,,Tuna sashimi,魚貝類,100.0,23.3,0.1,0.0,27.0
J0414701,鯖魚(生),,Mackerel,魚貝類,417.0,14.4,39.4,0.2,56.0
J0414801,鯖魚(炒),,Mackerel,魚貝類,410.0,16.7,37.6,0.1,68.0
J0414802,鯖魚(炸),,Mackerel,魚貝類,555.0,17.2,53.4,0.1,75.0
J0414803,"鯖魚(烤,150度,10分)",,Mackerel,魚貝類,412.0,16.5,37.8,0.0,58.0
J0414804,"鯖魚(烤,150度,20分)",,Mackerel,魚貝類,396.0,19.1,34.8,0.0,82.0
J0414805,"鯖魚(烤,150度,30分)",,Mackerel,魚貝類,536.0,19.9,50.0,0.0,79.0
J0414806,"鯖魚(烤,180度,10分)",,Mackerel,魚貝類,373.0,20.2,31.8,0.0,82.0
J0414807,"鯖魚(烤,210度,10分)",,Mackerel,魚貝類,472.0,19.0,43.4,0.0,74.0
J0414808,鯖魚(煮),,Mackerel,魚貝類,375.0,14.9,34.5,0.4,51.0
J0414809,鯖魚(煎),,Mackerel,魚貝類,403.0,20.0,35.9,0.0,86.0
J0414810,鯖魚(蒸),,Mackerel,魚貝類,392.0,14.6,36.5,0.7,52.0
J0414901,旗魚切片,"翹翅仔,白肉旗魚,闊胸仔,立翅旗魚,白皮丁挽,白皮旗魚",Short nosed sword fish; Pacific black marlin; Silver marlin; Silver marlin fish; Short-nosed swordfish; Black marlin fish; Black marlin; Giant black marlin; Marlin,魚貝類,111.0,26.0,0.0,0.8,36.0
J0414902,旗魚腹肉,"翹翅仔,白肉旗魚,闊胸仔,立翅旗魚,白皮丁挽,白皮旗魚",Short nosed sword fish; Pacific black marlin; Silver marlin; Silver marlin fish; Short-nosed swordfish; Black marlin fish; Black marlin; Giant black marlin; Marlin,魚貝類,105.0,22.2,1.1,0.0,131.0
J0415001,刺鯧(去皮),"肉魚,肉鯽仔,土肉,肉鯽,瓜仔鯧,刺鯧",Japanese butterfish; Melon seed,魚貝類,95.0,18.8,1.6,0.1,162.0
J0415101,刺鯧(含皮),"肉魚,肉鯽仔,土肉,肉鯽,瓜仔鯧,刺鯧",Japanese butterfish; Melon seed,魚貝類,155.0,17.8,8.7,0.0,179.0
J0415201,星斑真鯧,"(市售稱""花鯧"")",Starry butterfish,魚貝類,214.0,15.6,16.3,0.0,60.0
J04153,銀鯧平均值(去皮),"白(正/暗)鯧,白鯧魚,鯧仔魚,黑鰭,車片魚",Harvest fish; Silver pomfret; White pomfret,魚貝類,115.0,17.7,4.4,0.2,248.0
J0415301,銀鯧(2月),"白鯧,正鯧,銀鯧,支子",Silver pomfret; White pomfret,魚貝類,123.0,17.9,5.1,0.0,93.0
J0415302,銀鯧(3月),"白鯧,正鯧,銀鯧,支子",Silver pomfret; White pomfret,魚貝類,120.0,17.6,5.0,0.7,65.0
J0415303,銀鯧(5月),"白鯧,正鯧,銀鯧,支子",Silver pomfret; White pomfret,魚貝類,105.0,16.4,3.9,0.0,345.0
J0415304,銀鯧(8月),"白鯧,正鯧,銀鯧,支子",Silver pomfret; White pomfret,魚貝類,101.0,17.7,2.9,1.6,647.0
J0415305,銀鯧(12月),"白鯧,正鯧,銀鯧,支子",Silver pomfret; White pomfret,魚貝類,126.0,19.1,5.0,0.2,93.0
J0415401,銀鯧(含皮),"白鯧,正鯧,銀鯧,支子",Silver pomfret; White pomfret,魚貝類,124.0,16.8,5.8,1.1,315.0
J0415501,斑鱧,"鮕鮘,雷魚,南鱧,臺灣雷魚,臺灣魚虎",Snakehead,魚貝類,119.0,18.3,4.5,0.0,54.0
J0415601,大口鰜切片(含皮),"咬龍狗,左口,扁魚,皇帝魚,比目魚,咬網狗/肉瞇仔(澎湖)",Queensland halibut; Tropical halibut; Adalah; False halibut; Indian spiny turbot; Indian halibut,魚貝類,166.0,14.7,11.5,0.0,93.0
J0415701,鰈魚切片,大比目魚(扁鱈),,魚貝類,201.0,13.2,16.1,0.0,80.0
J0415801,雙線鬚鰨,"牛舌,龍舌,扁魚,皇帝魚,比目魚",Patterned tongue-sole; Doublelined tonguesole; Double-lined tongue sole; Fingerlip tonguesole; Fringelip tonguefish,魚貝類,92.0,19.9,0.8,0.3,63.0
J0415901,單角革單棘魨(去皮),"白達仔,一角剝,薄葉剝,光復魚,剝皮魚,狄仔魚(興達),掃帚",Rough leatherjacket; Unicorn leatherjacket; Unicorn leather jacket; Unicorn filefish; Triggerfish; Batfish; Filefish,魚貝類,79.0,17.2,0.6,0.0,181.0
J0416001,單角革單棘魨(含皮),"白達仔,一角剝,薄葉剝,光復魚,剝皮魚,狄仔魚(興達),掃帚",Rough leatherjacket; Unicorn leatherjacket; Unicorn leather jacket; Unicorn filefish; Triggerfish; Batfish; Filefish,魚貝類,76.0,17.9,0.0,0.0,87.0
J0416101,克氏兔頭魨,"鯖河魨,煙仔規,黃魚規,烏魚規,青皮魚規,金紙規,規仔,金規(澎湖)",Blowfish,魚貝類,77.0,17.8,0.1,0.0,134.0
J0416201,翻車魨腹肉,"翻車魚,蜇魴,蜇魚,海蟲(澎湖),曼波(成功)",Ocean sunfish; Sun-fish; Sunfish; Headfish; Giant sunfish; Moonfish; Mola ocean sunfish,魚貝類,47.0,10.2,0.4,0.7,52.0
J0416301,犬牙南極魚切片,"南極鱈,美露鱈,黑狗鱈,智利海鱸(圓鱈)",Antarctic toothfish或Patagonian toothfish,魚貝類,282.0,12.1,25.5,0.0,79.0
J0416401,低眼無齒芒魚片(芒加魚邊),,,魚貝類,76.0,14.2,1.7,0.0,285.0
J0416501,秋刀魚,"竹刀魚,山瑪魚",Pacific saury,魚貝類,277.0,18.8,21.8,4.1,55.0
J0416601,毛鱗魚,"喜相逢,多春魚,樺太柳葉魚（日文）",Capelin,魚貝類,145.0,14.1,9.4,0.4,310.0
J0600101,圓鱈魚鰓肉,,,魚貝類,84.0,14.5,2.5,3.9,225.0
J0600201,鯛魚下巴,鯛魚喉,Tilapia chin,魚貝類,245.0,16.1,19.6,0.0,38.0
J0600301,鯊魚翅,魚翅,Shark's fin,魚貝類,186.0,43.5,0.0,0.0,7.0
J0600401,魚翅唇,,,魚貝類,47.0,9.9,0.6,0.0,35.0
J0600501,翻車魨魚皮,"曼波魚皮,翻車魚皮",Ocean sunfish; Sun-fish; Sunfish; Headfish; Giant sunfish; Moonfish; Mola ocean sunfish,魚貝類,28.0,6.5,0.0,0.0,205.0
J0600601,鯊魚皮,,Shark skin,魚貝類,54.0,12.4,0.2,0.0,47.0
J0600701,魚漿(旗魚),,,魚貝類,110.0,16.8,1.3,7.8,755.0
J0700301,鮸魚卵(加工),,Brown croaker roe,魚貝類,184.0,21.9,10.1,3.6,150.0
J0700401,鯔魚卵,烏魚卵,Common mullet egg; Flathead mullet egg; Grey mullet egg; Striped mullet egg,魚貝類,256.0,26.3,15.9,3.2,73.0
J0700601,鰆魚卵,土魠魚卵,Barred Spanish mackerel egg; King mackerel egg; Narrowbarred spanish mackerel egg,魚貝類,193.0,23.5,10.2,0.2,89.0
J0700701,鰹魚卵,,Bonito egg; Skipjack egg; Skipjack tuna egg,魚貝類,184.0,21.5,10.2,0.6,129.0
J0702101,鯔魚精囊,鯔(烏)魚鰾(膘),Mullet swim bladder,魚貝類,89.0,17.3,1.7,0.0,61.0
J0705101,鮟鱇魚肝,,Blackmouth angler liver,魚貝類,136.0,13.6,8.6,1.9,188.0
J0707101,旗魚肚,,Marlin stomach or Sailfish stomach or Spearfish stomach,魚貝類,99.0,22.5,0.4,2.9,292.0
J0707201,鮪魚肚,,Tuna stomach,魚貝類,106.0,23.4,0.7,0.0,35.0
J0800101,小魚干,,,魚貝類,335.0,69.2,4.4,0.0,1753.0
J0800201,扁魚干,,Dried roughscale flounder,魚貝類,354.0,66.3,7.9,1.1,406.0
J0800401,柴魚片,,Dried bonito flakes,魚貝類,383.0,76.5,6.2,2.6,433.0
J2100101,羅氏沼蝦,"泰國蝦,泰國長臂大蝦,淡水長臂大蝦",Giant river shrimp (prawn),魚貝類,88.0,20.3,0.2,0.2,104.0
J2100201,北方長額蝦(加工),"北極蝦,北極甜蝦,冷水蝦",,魚貝類,122.0,19.9,4.1,2.7,562.0
J2100301,東方異腕蝦,"米諾蝦,鐵甲蝦,蝦母,大頭蝦",Armoured lobster,魚貝類,78.0,17.7,0.3,0.0,457.0
J2100401,胭脂蝦,"文蝦(""葉狀擬鬚蝦或雄壯鬚蝦"")",,魚貝類,114.0,13.8,6.1,0.7,462.0
J2100501,日本玻璃蝦,"水晶蝦,白丁",,魚貝類,83.0,16.2,1.5,2.0,566.0
J2100601,相模後海螯蝦,"相模角蝦,小龍蝦,鐵甲蝦,角蝦,蝦猴",Sagami lobster,魚貝類,79.0,17.9,0.3,0.0,317.0
J2100701,中國對蝦,對蝦;明蝦;大蝦;黃蝦;青蝦;大正蝦,Kuruma shrimp; Flesh prawn,魚貝類,84.0,19.3,0.2,1.0,196.0
J21008,日本對蝦平均值,"斑節蝦,雷公蝦,明蝦,九節蝦",Japanese king prawn; Japanese tiger prawn; Kuruma prawn; Striped prawn,魚貝類,97.0,21.3,0.7,0.4,287.0
J2100801,日本對蝦(大),"斑節蝦,雷公蝦,明蝦,九節蝦",Japanese king prawn; Japanese tiger prawn; Kuruma prawn; Striped prawn,魚貝類,97.0,21.6,0.5,0.0,255.0
J2100802,日本對蝦(小),"斑節蝦,雷公蝦,明蝦,九節蝦",Japanese king prawn; Japanese tiger prawn; Kuruma prawn; Striped prawn,魚貝類,96.0,20.9,0.8,1.8,319.0
J21009,白對蝦平均值,"南美白蝦,美洲白蝦,南美白對蝦,白蝦",Pacific white shrimp,魚貝類,99.0,21.3,0.9,0.0,210.0
J2100901,白對蝦(大),"南美白蝦,美洲白蝦,南美白對蝦,白蝦",Pacific white shrimp,魚貝類,109.0,22.3,1.5,0.0,306.0
J2100902,白對蝦(小),"南美白蝦,美洲白蝦,南美白對蝦,白蝦",Pacific white shrimp,魚貝類,96.0,21.4,0.5,0.0,178.0
J2100903,白對蝦(小)(2022年取樣),"南美白蝦,美洲白蝦,南美白對蝦,白蝦","Pacific white shrimp, raw",魚貝類,93.0,20.3,0.7,1.3,145.0
J2101001,哈氏彷對蝦,"長角仿對蝦,劍蝦,紅(正)劍,硬槍蝦",Hard spear prawn; Spear shrimp; Sword prawn,魚貝類,82.0,18.7,0.2,0.6,294.0
J2101101,草對蝦,草蝦;烏斑節仔,Ghost prawn; Giant tiger prawn; Grass shrimp; Jumbo prawn; Leader prawn; Panda,魚貝類,100.0,22.0,0.7,1.0,150.0
J2101201,藍對蝦,藍蝦,,魚貝類,95.0,20.9,0.6,0.0,135.0
J2101301,鬚赤蝦,"鬚赤對蝦,厚殼蝦(仔),火燒蝦,狗蝦,大厚殼",Whiskered velvet shrimp,魚貝類,92.0,20.7,0.4,0.6,341.0
J2101401,大管鞭蝦,"憂鬱管鞭蝦,大頭紅蝦,大頭蝦,紅中蝦,蔥頭蝦",Big head prawn,魚貝類,88.0,19.8,0.3,0.6,270.0
J2101501,隆脊管鞭蝦,"大頭紅蝦,大頭蝦,紅蝦,蔥頭蝦",Big head prawn,魚貝類,96.0,22.1,0.2,0.6,207.0
J2101601,螳螂蝦,"蝦蛄,蝦猴,蝦姑仔,攋尿蝦(常誤寫為瀨或賴)",Edible mantis shrimp,魚貝類,67.0,14.7,0.5,0.0,344.0
J2101701,日本龍蝦,龍蝦;台灣龍蝦;紅腳蝦;紅殼仔;正龍蝦;紅龍蝦,Japanese spiny lobster; Spiny lobster,魚貝類,93.0,21.5,0.1,1.0,234.0
J2101801,正櫻蝦(生),"櫻花蝦,花殼仔,櫻桃蝦,玫瑰蝦,火焰蝦",Sergestid shrimp,魚貝類,88.0,17.9,1.3,0.0,386.0
J2101901,正櫻蝦(熟),"櫻花蝦,花殼仔,櫻桃蝦,玫瑰蝦,火焰蝦",Sergestid shrimp,魚貝類,97.0,19.6,1.4,0.0,504.0
J2102001,正櫻蝦乾,"櫻花蝦,花殼仔,櫻桃蝦,玫瑰蝦,火焰蝦",Sergestid shrimp,魚貝類,253.0,52.6,3.1,13.4,1345.0
J2200101,大頭蝦仁,,Big head shelled shrimp,魚貝類,40.0,8.8,0.2,0.0,765.0
J2200201,明蝦仁,,Shelled shrimp,魚貝類,52.0,11.9,0.1,0.0,252.0
J2200301,紅蝦仁,,Shelled shrimp,魚貝類,43.0,9.5,0.3,1.5,596.0
J2200401,海鱸蝦仁,,Shelled shrimp,魚貝類,73.0,16.3,0.4,1.3,225.0
J2200501,草蝦仁,,Grass shelled shrimp,魚貝類,44.0,9.7,0.3,0.9,431.0
J2200601,鳳尾蝦仁,,Shelled shrimp,魚貝類,64.0,13.4,0.8,0.3,357.0
J2200701,鬚赤蝦仁,火燒蝦仁,,魚貝類,80.0,17.1,0.7,0.0,279.0
J2300101,蝦皮,,Small shrimp shell,魚貝類,155.0,33.6,1.3,2.7,4273.0
J2300201,蝦米,,Shrimp,魚貝類,264.0,57.1,2.2,0.0,3186.0
J2300301,金鉤蝦乾,"海米,扁米,開洋",,魚貝類,257.0,54.6,2.6,0.0,2553.0
J2500101,紅蟳,"青蟳(蟹)(交配後卵巢成熟雌蟹),菜蟳",Indo-pacific swamp carb; Mangrove carb; Mud carb,魚貝類,122.0,20.9,3.6,6.5,309.0
J2500201,蛙形蟹,"旭蟹,蝦姑頭,候貝切,紅面猴,海臭蟲,西姑麻",Crimson crab; Frog crab; Snanner crab,魚貝類,72.0,16.6,0.1,2.8,343.0
J2600101,蟹腳肉,,Crab meat,魚貝類,53.0,11.6,0.3,1.2,591.0
J3100101,竹蟶(冷凍),"竹蛤,竹蚶,蟶仔,竹節蟶",Gould's Jackknife Clam,魚貝類,42.0,9.0,0.3,1.2,499.0
J31002,真牡蠣平均值,"正(大/長/鑄大)牡蠣,正(青)蚵,蚵仔,蚵,蠔",Giant pacific oyster; Japanese oyster,魚貝類,54.0,9.4,1.6,4.2,148.0
J3100201,真牡蠣,"正(大/長/鑄大)牡蠣,正(青)蚵,蚵仔,蚵,蠔",Giant pacific oyster; Japanese oyster,魚貝類,49.0,9.0,1.2,1.8,194.0
J3100202,帶殼真牡蠣(生蠔),"正(大/長/鑄大)牡蠣,正(青)蚵,蚵仔,蚵,蠔",Giant pacific oyster; Japanese oyster,魚貝類,59.0,9.8,1.9,6.7,103.0
J3100301,黑齒牡蠣,石蚵,Oyster,魚貝類,55.0,9.7,1.5,3.1,749.0
J3100401,蝦夷海扇蛤,"扇貝,立帆蛤,帆立貝",Yesso Scallop,魚貝類,70.0,13.7,1.2,2.3,283.0
J3100501,綠殼菜蛤,"孔雀蛤,淡菜,翡翠貽貝",Green Mussel,魚貝類,96.0,17.8,2.2,2.6,301.0
J3100601,綠殼菜蛤干,"孔雀蛤干,淡菜干,翡翠貽貝干",Green Mussel,魚貝類,263.0,43.7,8.5,23.9,865.0
J3100701,西施舌,"紫貝,西肚舌,西刀舌(蚶),紫晃肉,雙線血蚶,獅刀舌,西施貝",Diphos sanguin; Purple clam,魚貝類,53.0,8.9,1.6,5.4,36.0
J3100801,台灣蜆,"蜆(蜊/拉)仔,河蜆",Corbicula Clam; Freshwater Clam; Taiwanese freshwater clam,魚貝類,51.0,8.9,1.4,9.8,20.0
J3100901,大文蛤,"文蛤,普通文蛤",Hard clam,魚貝類,21.0,4.4,0.2,1.5,774.0
J3101001,文蛤,"粉蟯,蚶仔,麗文蛤,普通文蛤",Hard clam,魚貝類,37.0,7.6,0.5,2.7,446.0
J3101101,波紋橫簾蛤,"波紋巴非蛤,山瓜仔(子),海瓜仔(子)",Undulating Venus,魚貝類,48.0,9.2,1.0,4.6,377.0
J3101201,菲律賓簾蛤,"菲律賓蛤仔,海瓜子(仔)蛤,花蛤",Filipino Venus,魚貝類,37.0,7.5,0.5,4.1,442.0
J3101301,環文蛤,"赤嘴蛤,赤嘴仔,青蛤,海蜆,公代",Chinese Venus,魚貝類,46.0,8.7,1.0,3.7,760.0
J3200101,干貝(冷凍),"元貝,瑤柱",Scallop,魚貝類,57.0,12.7,0.4,1.7,949.0
J32002,干貝(乾)平均值,,Scallop,魚貝類,242.0,53.7,1.4,10.8,2751.0
J3200201,干貝(乾),"元貝,瑤柱",Scallop,魚貝類,256.0,58.5,0.7,15.5,2424.0
J3200202,珠貝(乾),珍珠干貝,Scallop,魚貝類,228.0,48.9,2.2,6.1,3078.0
J3300101,牡蠣干,蚵干,Oyster,魚貝類,243.0,41.0,7.5,26.2,1316.0
J35001,真烏賊平均值,"花枝,墨魚,金烏賊,烏鰂,墨鬥魚",Cuttlefish,魚貝類,57.0,12.2,0.6,3.7,68.0
J3500101,真烏賊(大),"花枝,墨魚,金烏賊,烏鰂,墨鬥魚",Cuttlefish,魚貝類,61.0,13.9,0.3,0.8,106.0
J3500102,真烏賊(小),"花枝,墨魚,金烏賊,烏鰂,墨鬥魚",Cuttlefish,魚貝類,53.0,10.5,0.9,6.6,30.0
J3500201,章魚,"厚嘴仔,石居,八爪魚,坐蛸,石吸,望潮,死牛",Octopus,魚貝類,61.0,13.0,0.6,0.9,230.0
J3500301,阿根廷魷,阿根廷滑柔魚,Argentine shortfin squid,魚貝類,71.0,12.4,2.0,0.4,57.0
J3500401,泡魷魚,,Squid,魚貝類,50.0,11.3,0.2,3.0,239.0
J3500501,台灣鎖管,"鎖管,小卷",Inshore squids ; Loligo; Neritic squid,魚貝類,72.0,16.0,0.4,1.6,249.0
J3500601,尖鎖管,"尖仔鎖管,詩博加槍烏賊,尖仔,小卷(幼體)",Inshore squids; Loligo; Neritic squid; Siboga squid,魚貝類,100.0,20.2,1.5,2.4,211.0
J3500701,軟翅仔,"萊氏擬烏賊,軟翅鎖管,軟翅(薯/絲),泥障鰂,擬烏賊,柔魚",Bigfin reef squid; Loligo; Neritic squid,魚貝類,70.0,14.7,0.8,0.8,400.0
J3500801,香螺,"小天狗剌螺,雪螺",Melon conchs; Swamp Conchs; Whelks,魚貝類,86.0,19.9,0.1,0.0,166.0
J3500901,象牙鳳螺,"鳳(花/風/皇)螺,象牙螺",Areola Babylon; Maculated ivory shell,魚貝類,78.0,16.9,0.7,3.6,372.0
J3501001,泥螺,黃泥螺,,魚貝類,95.0,21.5,0.3,0.3,166.0
J3501101,雪螺,,,魚貝類,40.0,8.9,0.3,0.0,58.0
J3501201,九孔螺,九孔;雜色鮑;石決明,Abalone; Japanese abalone; Ormer; Sea ear,魚貝類,73.0,15.0,1.0,5.8,327.0
J3501301,鮑魚,鰒魚;石決明;石決明貝,Abalone; Ear-shell; Ormer; Sea ear,魚貝類,69.0,15.8,0.1,9.5,199.0
J3501501,蝸牛肉,,Snail meat,魚貝類,78.0,16.7,0.7,0.0,72.0
J3600101,烏賊精囊,"烏賊鰾(膘),花枝鰾(膘)",Squid bladder,魚貝類,43.0,9.8,0.2,6.4,428.0
J3700101,小卷干,鎖管干(乾),Dried swordtip squid,魚貝類,246.0,53.2,2.1,4.7,1378.0
J4100101,白海參,"海蚯蚓,沙糞",White sea cucumber,魚貝類,32.0,7.4,0.1,0.0,51.0
J4100201,仿刺參,刺參,Japanese common sea cucumber,魚貝類,36.0,8.2,0.1,0.8,53.0
J4100301,南美刺參,,,魚貝類,52.0,12.0,0.0,0.0,86.0
J4100401,紅海參,,Red sea cucumber,魚貝類,33.0,7.5,0.1,0.0,87.0
J4100501,黑烏參,,Black sea cucumber,魚貝類,29.0,6.5,0.1,0.0,64.0
J5100101,海蜇皮,"瑝魚,海蛇,紅(面)蜇,鮓魚",Jelly fish,魚貝類,19.0,4.4,0.0,2.2,8127.0
K01001,雞蛋平均值,,Hen's egg,蛋類,135.0,12.7,8.9,1.6,138.0
K0100101,雞蛋(白殼),,Hen's egg: white eggshell,蛋類,139.0,12.9,9.2,1.3,129.0
K0100102,雞蛋(黃殼),,Hen's egg: yellow eggshell,蛋類,132.0,12.5,8.6,2.0,147.0
K0100201,土雞蛋,,Hen's egg: wild,蛋類,129.0,12.9,8.1,1.7,140.0
K0100202,土雞蛋(2022年取樣),,"Egg, whole, raw, fresh",蛋類,137.0,12.2,9.3,1.8,152.0
K0100301,烏骨雞蛋,,Hen's egg: Silky fowl,蛋類,160.0,12.7,11.6,2.4,120.0
K0100401,雞蛋(高DHA),,Hen's egg: DHA enriched,蛋類,132.0,12.5,8.6,1.8,141.0
K0100501,雞蛋(高次亞麻油酸),,Hen's egg: linolenic acid enriched,蛋類,139.0,12.4,9.4,2.8,137.0
K0100601,雞蛋(高亞麻油酸),,Hen's egg: linoleic acid enriched,蛋類,133.0,13.0,8.4,0.8,161.0
K0100701,初卵雞蛋,,Hen's egg at the early stage,蛋類,136.0,12.3,9.2,1.4,115.0
K0100801,雞蛋(高維生素A&E),,Hen's egg: vitamin A&E enriched,蛋類,134.0,12.1,9.0,0.0,151.0
K0100901,雞蛋(高維生素E),,Hen's egg: vitamin E enriched,蛋類,143.0,12.8,9.7,1.4,139.0
K01061,雞蛋白平均值,,Hen's egg white,蛋類,50.0,11.2,0.1,0.5,183.0
K0106101,雞蛋白(白殼),,Hen's egg white: white eggshell,蛋類,48.0,10.7,0.1,0.0,154.0
K0106102,雞蛋白(黃殼),,Hen's egg white: yellow eggshell,蛋類,52.0,11.6,0.2,1.2,213.0
K0106201,烏骨雞蛋白,,Hen's egg white: Silky fowl,蛋類,47.0,10.6,0.0,1.7,184.0
K01081,雞蛋黃平均值,,Hen's egg yolk,蛋類,308.0,15.2,26.8,3.6,56.0
K0108101,雞蛋黃(白殼),,Hen's egg yolk: white eggshell,蛋類,330.0,16.0,28.9,1.6,52.0
K0108102,雞蛋黃(黃殼),,Hen's egg yolk: yellow eggshell,蛋類,286.0,14.5,24.7,5.6,60.0
K0108201,烏骨雞蛋黃,,Hen's egg yolk: Silky fowl,蛋類,344.0,15.5,30.6,1.4,50.0
K0108301,雞蛋黃(高維生素E),,Hen's egg yolk: vitamin E enriched,蛋類,314.0,16.2,27.0,5.4,57.0
K0110101,溫泉蛋,,Japanese-style flavered spa egg,蛋類,137.0,12.9,7.8,3.8,494.0
K0111101,雞水煮蛋,,Hen's egg: hard-boiled,蛋類,144.0,14.0,9.2,1.7,124.0
K0111601,雞水煮蛋白,,Hen's egg white: hard-boiled,蛋類,61.0,13.6,0.2,1.5,170.0
K0111801,雞水煮蛋黃,,Hen's egg yolk: hard-boiled,蛋類,343.0,15.5,30.5,2.9,50.0
K01121,茶葉蛋平均值,,Hen's egg: hard-boiled with salt and tea leaves,蛋類,145.0,13.7,9.1,2.2,444.0
K0112101,茶葉蛋(市售),,Hen's egg: hard-boiled with salt and tea leaves,蛋類,147.0,13.5,8.7,3.5,430.0
K0112102,茶葉蛋(浸泡隔夜),,Hen's egg: hard-boiled with salt and tea leaves,蛋類,143.0,13.8,9.4,0.9,458.0
K0112601,茶葉蛋白(浸泡隔夜),,Hen's egg whiet: hard-boiled with salt and tea leaves,蛋類,54.0,12.9,0.1,0.4,555.0
K0112801,茶葉蛋黃(浸泡隔夜),,Hen's egg yolk: hard-boiled with salt and tea leaves,蛋類,344.0,15.7,30.3,2.2,239.0
K01131,雞皮蛋平均值,,Hen's egg: alkalized,蛋類,134.0,12.5,8.1,3.0,599.0
K0113101,雞皮蛋,,Hen's egg: alkalized,蛋類,142.0,12.8,8.5,3.6,616.0
K0113201,土雞皮蛋,,"Hen's egg: wild, alkalized",蛋類,127.0,12.2,7.6,2.3,583.0
K01201,滷蛋平均值,,Hen's egg: stewed,蛋類,184.0,16.4,11.1,4.6,1156.0
K0120101,雞滷蛋(市售),,Hen's egg: stewed,蛋類,191.0,15.7,11.4,6.4,583.0
K0120102,雞滷蛋(現煮),,Hen's egg: stewed,蛋類,178.0,16.6,11.1,3.1,1278.0
K0120103,雞滷蛋(浸泡隔夜),,Hen's egg: stewed,蛋類,182.0,16.9,10.8,4.4,1607.0
K01206,滷蛋白平均值,,Hen's egg white: stewed,蛋類,87.0,16.7,0.2,4.6,1794.0
K0120601,雞滷蛋白(現煮),,Hen's egg white: stewed,蛋類,84.0,16.6,0.2,3.9,1623.0
K0120602,雞滷蛋白(浸泡隔夜),,Hen's egg white: stewed,蛋類,89.0,16.7,0.2,5.2,1966.0
K01208,滷蛋黃平均值,,Hen's egg yolk: stewed,蛋類,379.0,17.0,33.7,1.9,697.0
K0120801,雞滷蛋黃(現煮),,Hen's egg yolk: stewed,蛋類,376.0,16.6,33.8,1.3,563.0
K0120802,雞滷蛋黃(浸泡隔夜),,Hen's egg yolk: stewed,蛋類,382.0,17.4,33.6,2.6,832.0
K0121101,雞鐵蛋,,hen's iron  egg,蛋類,288.0,26.6,17.5,5.9,766.0
K0122101,雞水波蛋,(不帶殼水煮蛋),Hen's egg: poached,蛋類,147.0,11.6,10.7,0.8,92.0
K0123101,荷包蛋(不加油),,Hen's egg: over medium without oil,蛋類,162.0,14.0,11.2,1.4,151.0
K0123201,荷包蛋(加油1小匙),,Hen's egg: over medium with 1 teaspoon of oil,蛋類,192.0,13.0,14.9,1.6,140.0
K0150101,煎蛋(不加油),,Hen's egg: fried without oil,蛋類,161.0,13.5,11.3,4.9,145.0
K0150201,炒蛋(加油3大匙),,Hen's egg: scrambled with 3 tablespoons of oil,蛋類,215.0,12.9,16.1,4.6,126.0
K01503,蒸蛋平均值,,Hen's egg custard,蛋類,64.0,5.3,4.6,2.2,151.0
K0150301,蒸蛋(市售),芙蓉豆腐,Hen's egg custard,蛋類,32.0,3.6,1.8,3.4,327.0
K0150302,蒸蛋(微波爐),,Hen's egg custard,蛋類,82.0,6.4,6.0,1.8,65.0
K0150303,蒸蛋(電鍋),,Hen's egg custard,蛋類,80.0,5.8,6.0,1.3,62.0
K0200101,鴨蛋,,Duck's egg,蛋類,187.0,13.1,14.4,0.2,149.0
K0200201,紅面番鴨蛋,,Duck's egg: muscovy,蛋類,198.0,13.1,15.6,0.0,129.0
K0206101,鴨蛋白,,Duck's egg white,蛋類,47.0,10.8,0.0,1.4,163.0
K0208101,鴨蛋黃,,Duck's egg yolk,蛋類,347.0,15.8,30.8,2.0,50.0
K0213101,鴨皮蛋,,Duck's  egg: alkalized,蛋類,164.0,12.8,11.4,2.7,590.0
K02141,鴨鹹蛋平均值,,Duck's  egg: salted,蛋類,185.0,13.3,14.1,1.1,1672.0
K0214101,鴨生鹹蛋,,Duck's  egg: salted,蛋類,178.0,12.5,14.7,0.0,1681.0
K0214102,鴨熟鹹蛋,,Duck's  egg: salted,蛋類,183.0,13.7,13.8,0.8,2068.0
K0214103,鴨熟鹹蛋(薄鹽),,Duck's  egg: salted,蛋類,194.0,13.7,13.8,3.5,1267.0
K0214801,鴨鹹蛋黃,,Duck's  egg yolk: salted,蛋類,528.0,23.6,47.6,1.3,397.0
K0300101,鵪鶉蛋,鳥蛋,Quail's egg,蛋類,172.0,12.7,13.0,1.2,142.0
K0311101,鵪鶉水煮蛋,鳥蛋,Quail's egg: hard-boiled,蛋類,163.0,12.3,12.1,0.0,89.0
K0313101,鵪鶉皮蛋,鳥蛋,Quail's egg: alkalized,蛋類,160.0,13.8,10.9,1.8,791.0
K0314101,鵪鶉鹹蛋,鳥蛋,Quail's egg: salted,蛋類,173.0,13.7,12.3,1.9,1810.0
K0320101,鵪鶉滷蛋,鳥蛋,Quail's egg,蛋類,238.0,16.2,14.3,11.1,315.0
K0321101,鵪鶉鐵蛋,鳥蛋,Quail's iron  egg,蛋類,439.0,28.8,26.9,20.4,194.0
K0400101,鴿蛋,鳥蛋,Pigeon's egg,蛋類,96.0,10.2,5.7,2.5,143.0
K0500102,鵝蛋,,Goose's egg,蛋類,179.0,10.0,15.0,3.2,134.0
L0100101,高脂鮮乳,"牛乳,牛奶",High fat fresh milk,乳品類,73.0,3.2,4.0,6.1,39.0
L01021,全脂鮮乳平均值,"牛乳,牛奶",Whole fresh milk,乳品類,63.0,3.1,3.6,4.8,37.0
L0102101,全脂鮮乳(1月取樣),"牛乳,牛奶",Whole fresh milk,乳品類,62.0,2.9,3.6,4.7,40.0
L0102102,全脂鮮乳(4月取樣),"牛乳,牛奶",Whole fresh milk,乳品類,62.0,2.9,3.6,4.6,35.0
L0102103,全脂鮮乳(6月取樣),"牛乳,牛奶",Whole fresh milk,乳品類,63.0,3.2,3.6,4.6,36.0
L0102104,全脂鮮乳(9月取樣),"牛乳,牛奶",Whole fresh milk,乳品類,64.0,2.8,3.6,5.3,33.0
L0102105,全脂鮮乳(10月取樣),"牛乳,牛奶",Whole fresh milk,乳品類,64.0,3.0,3.7,4.8,36.0
L0102106,全脂鮮乳(11月取樣),"牛乳,牛奶",Whole fresh milk,乳品類,62.0,3.1,3.5,4.6,47.0
L0102107,全脂鮮乳(12月取樣),"牛乳,牛奶",Whole fresh milk,乳品類,64.0,3.2,3.4,5.2,42.0
L0102108,全脂鮮乳(7月取樣),"牛乳,牛奶",Whole fresh milk,乳品類,65.0,3.7,3.7,4.2,32.0
L0104101,中脂鮮乳,"牛乳,牛奶",Medium fat fresh milk,乳品類,48.0,3.1,1.9,4.8,46.0
L0106101,低脂鮮乳,"牛乳,牛奶",Low-fat fresh milk,乳品類,43.0,3.3,1.1,5.0,28.0
L0110101,高脂強化鮮乳(鈣強化),"牛乳,牛奶",High fat fortified fresh milk : calcium enriched,乳品類,68.0,3.2,3.9,5.2,36.0
L0110201,高脂強化鮮乳(寡醣強化),"牛乳,牛奶",High fat fortified fresh milk : oligo enriched,乳品類,69.0,3.2,4.1,5.1,44.0
L0114101,中脂強化鮮乳(脂肪酸調整),"牛乳,牛奶",Medium fat fortified fresh milk : fatty acid modified,乳品類,59.0,2.0,2.0,8.6,37.0
L0116101,低脂強化鮮乳(維生素E強化),"牛乳,牛奶",Low-fat fortified fresh milk : vitamin E enriched,乳品類,41.0,3.0,1.3,4.2,43.0
L0116201,低脂強化鮮乳(寡醣強化),"牛乳,牛奶",Low-fat fortified fresh milk: oligo enriched,乳品類,46.0,3.1,1.3,5.5,33.0
L0118101,脫脂強化鮮乳(鈣強化),"牛乳,牛奶",Skimmed fortified fresh milk : calcium enriched,乳品類,42.0,3.5,0.3,6.3,49.0
L0118201,脫脂強化鮮乳(寡醣強化),"牛乳,牛奶",Skimmed fortified fresh milk: oligo enriched,乳品類,36.0,3.1,0.4,5.2,33.0
L0118301,脫脂強化鮮乳(鐵強化),"牛乳,牛奶",Skimmed fortified fresh milk:  iron enriched,乳品類,41.0,4.2,0.2,5.6,59.0
L0124101,中脂調味乳(巧克力),"牛乳,牛奶",Reduced fat flavored composite and recombined milk: chocolate flavor,乳品類,63.0,1.9,2.0,9.2,30.0
L0124201,中脂調味乳(多穀類),"牛乳,牛奶",Reduced fat flavored composite and recombined milk: cereal flavor,乳品類,67.0,2.4,3.1,7.6,45.0
L0124301,中脂調味乳(果汁),"牛乳,牛奶","Low-fat flavored composite and recombined milk: low fat, fruit flavor",乳品類,54.0,1.6,1.6,8.4,39.0
L0124401,中脂調味乳(鈣強化),"牛乳,牛奶",Reduced fat flavored composite and recombined milk: calcium enriched,乳品類,68.0,2.3,2.6,8.9,63.0
L0124501,中脂調味乳(維生素強化),"牛乳,牛奶",Reduced fat flavored composite and recombined milk: multi-vitamins enriched,乳品類,60.0,2.0,1.9,8.6,30.0
L0124601,中脂調味乳(纖維&維生素E強化),"牛乳,牛奶",Reduced fat flavored composite and recombined milk: fiber & vitamin E enriched,乳品類,66.0,2.4,2.1,9.3,50.0
L0126101,低脂調味乳(木瓜),"牛乳,牛奶",Low-fat flavored composite and recombined milk: papaya flavor,乳品類,61.0,1.8,1.3,10.5,58.0
L0130101,高脂保久乳,"牛乳,牛奶",High fat sterilized milk,乳品類,71.0,3.1,5.1,3.4,32.0
L0132101,全脂保久乳,"牛乳,牛奶",Whole sterilized milk,乳品類,62.0,3.0,3.4,5.1,55.0
L0134101,中脂保久乳,"牛乳,牛奶",Medium fat sterilized milk,乳品類,48.0,3.2,1.8,4.8,52.0
L0146101,低脂強化保久乳(寡糖強化),"牛乳,牛奶",Low-fat fortified Sterilized milk: oligo enriched,乳品類,46.0,3.2,1.0,6.0,33.0
L0154101,中脂調味保久乳(巧克力),"牛乳,牛奶",Reduced fat flavored composite and recombined sterilized milk: chocolate flavor,乳品類,60.0,1.9,1.7,9.3,34.0
L0154201,中脂調味保久乳(布丁),"牛乳,牛奶",Reduced fat flavored composite and recombined sterilized milk: pudding flavor,乳品類,61.0,1.6,1.7,9.8,51.0
L0200101,全脂奶粉,乳粉,Whole milk powder,乳品類,504.0,26.4,28.2,37.0,337.0
L0204101,部份脫脂奶粉,乳粉,Partly skimmed milk powder,乳品類,420.0,32.8,11.6,46.1,352.0
L0204201,部份脫脂奶粉(即溶),乳粉,Partly skimmed milk powder: instant,乳品類,445.0,23.7,16.4,51.6,303.0
L0204301,部份脫脂低乳糖奶粉,乳粉,Partly skimmed low lactose milk powder,乳品類,416.0,34.6,10.4,45.6,401.0
L0207101,脫脂奶粉,乳粉,Skimmed milk powder,乳品類,361.0,36.2,0.9,51.2,338.0
L0207201,脫脂奶粉(即溶),乳粉,Skimmed milk powder: instant,乳品類,360.0,38.0,1.0,48.8,435.0
L0211101,全脂強化奶粉(纖維強化),乳粉,Whole fortified milk powder: fiber enriched,乳品類,500.0,25.6,27.0,39.5,313.0
L0214101,部份脫脂強化奶粉(鈣強化),乳粉,Partly skimmed fortified milk powder: calcium enriched,乳品類,408.0,25.0,11.8,51.0,331.0
L0214201,部份脫脂強化奶粉(纖維&DHA強化),乳粉,Partly skimmed fortified milk powder: fiber & DHA enriched,乳品類,476.0,23.2,22.1,47.3,276.0
L0214301,部份脫脂強化奶粉(纖維&鈣強化),乳粉,Partly skimmed fortified milk powder: fiber & calcium enriched,乳品類,375.0,35.9,3.7,48.9,412.0
L0214401,部份脫脂強化奶粉(脂肪酸調整),乳粉,Partly skimmed fortified milk powder: fatty acid modified,乳品類,481.0,22.7,23.5,45.9,284.0
L0217101,脫脂強化奶粉(抗氧化),乳粉,Skimmed fortified milk powder: antioxidant,乳品類,366.0,32.3,1.0,56.6,496.0
L0217201,脫脂強化奶粉(鈣&維生素A強化),乳粉,Skimmed fortified milk powder: calcium & vitamin A enriched,乳品類,360.0,38.0,1.0,48.8,387.0
L0217301,"脫脂強化奶粉(鈣&維生素C,E強化)",乳粉,Skimmed fortified milk powder: calcium & vitamin C/E enriched,乳品類,360.0,32.8,0.7,55.4,417.0
L0217401,脫脂強化奶粉(鈣&鐵強化),乳粉,Skimmed fortified milk powder: calcium & iron enriched,乳品類,360.0,35.6,0.7,52.3,416.0
L0224101,部份脫脂調味奶粉(巧克力),乳粉,Partly skimmed modified milk powder: chocolate flavor,乳品類,406.0,14.1,6.9,71.9,139.0
L0224201,部份脫脂調味奶粉(果汁),乳粉,Partly skimmed modified milk powder: fruit flavor,乳品類,435.0,19.8,12.3,61.4,208.0
L0308101,脫脂稀釋發酵乳,活菌乳酸飲料,Skimmed diluted fermented milk,乳品類,68.0,1.1,0.1,15.8,21.0
L0308201,脫脂稀釋發酵乳(鈣強化),活菌乳酸飲料,Skimmed diluted fermented milk: calcium enriched,乳品類,72.0,1.0,0.1,16.9,20.0
L0312101,全脂濃稠發酵乳,優酪乳,Whole concentrated fermented milk,乳品類,90.0,4.1,3.2,11.3,52.0
L0314101,中脂濃稠發酵乳,優酪乳,Medium fat concentrated fermented milk,乳品類,82.0,2.9,2.3,12.6,38.0
L0314201,中脂濃稠發酵乳(無糖&纖維強化),優酪乳,"Medium fat concentrated fermented milk: non-sugar, fiber enriched",乳品類,74.0,3.2,2.2,10.4,37.0
L0314301,中脂濃稠發酵乳(草莓),優酪乳,Medium fat concentrated fermented milk: strawberry flavor,乳品類,89.0,3.1,2.7,13.0,46.0
L0316101,低脂濃稠發酵乳,優酪乳,Low-fat concentrated fermented milk,乳品類,73.0,2.3,1.1,13.6,30.0
L0318101,脫脂濃稠發酵乳,優酪乳,Skimmed concentrated fermented milk,乳品類,64.0,3.0,0.4,12.1,26.0
L0318201,脫脂濃稠發酵乳(低熱量),優酪乳,Skimmed concentrated fermented milk: low calorie,乳品類,37.0,2.0,0.1,6.9,31.0
L0318301,脫脂濃稠發酵乳(草莓),優酪乳,Skimmed concentrated fermented milk: strawberry flavor,乳品類,68.0,2.3,0.4,13.8,49.0
L0318401,脫脂濃稠發酵乳(啤酒酵母),優酪乳,Skimmed concentrated fermented milk,乳品類,34.0,2.1,0.1,6.4,28.0
L0320101,高脂凝態發酵乳(纖維強化),優格,High fat yoghurt: fiber enriched,乳品類,95.0,3.2,3.8,11.9,42.0
L0322101,全脂凝態發酵乳,優格,Whole yoghurt,乳品類,97.0,3.1,3.3,13.6,69.0
L0324101,中脂凝態發酵乳(草莓),優格,Medium fat yoghurt: strawberry flavor,乳品類,102.0,3.7,2.7,15.7,58.0
L0324201,中脂凝態發酵乳(蘆薈),優格,Medium fat yoghurt: aloe flavor,乳品類,90.0,1.7,2.5,15.1,38.0
L0328101,脫脂凝態發酵乳(纖維強化),優格,Skimmed yoghurt: fiber enriched,乳品類,84.0,4.1,0.5,15.9,51.0
L0338101,脫脂保久稀釋發酵乳,乳酸飲料,Skimmed diluted fermented milk: sterilized,乳品類,46.0,0.1,0.1,11.0,28.0
L0348101,脫脂保久濃稠發酵乳(草莓&蘋果),保久優酪乳,"Skimmed concentrated fermented milk: sterilized, strawberry & apple flavor",乳品類,68.0,3.0,0.2,13.6,57.0
L0400101,淡煉乳,"蒸發乳,奶水",Evaporated milk,乳品類,137.0,6.5,8.3,9.1,187.0
L0400201,加糖部份脫脂煉乳,,Sweetened condensed partly skim milk,乳品類,325.0,7.5,7.8,56.2,88.0
L0500101,切片乾酪,"起司,芝士(市售亦稱""乳酪"")",Cheese: slice,乳品類,309.0,18.3,23.7,5.9,1594.0
L0500201,切片乾酪(低脂),"起司,芝士(市售亦稱""乳酪"")","Cheese: low-fat, slice",乳品類,241.0,21.7,13.0,8.8,1598.0
L0500301,刨絲乾酪,"起司,芝士(市售亦稱""乳酪"")",Cheese,乳品類,323.0,25.1,22.6,4.4,548.0
L0500401,乾酪粉,"起司粉,芝士粉(市售亦稱""乳酪粉"")",Cheese powder,乳品類,480.0,40.4,34.0,3.1,1543.0
L1000101,鮮奶可可,"巧克力牛奶,阿華田拿鐵",,乳品類,80.0,2.1,2.7,11.6,38.0
L1000201,木瓜牛奶,,,乳品類,42.0,1.7,0.6,7.7,9.0
L1100101,高脂鮮羊乳,羊奶,Whole fresh goat milk,乳品類,65.0,3.4,4.0,4.2,37.0
L1104101,中脂鮮羊乳,羊奶,Medium fat fresh goat milk,乳品類,48.0,2.7,2.4,3.9,34.0
L1132101,保久羊乳,羊奶,Sterilized goat milk,乳品類,59.0,3.0,3.3,4.5,46.0
L1154101,中脂調味保久羊乳(巧克力),羊奶,Reduced fat flavored composite and recombined sterilized goat milk: chocolate flavor,乳品類,59.0,1.1,1.5,10.3,29.0
L1154201,中脂調味保久羊乳(果汁),羊奶,Reduced fat flavored composite and recombined sterilized goat milk: fruit flavor,乳品類,75.0,2.9,2.8,9.5,41.0
L1200101,全脂羊奶粉,羊乳粉,Whole goat milk powder,乳品類,510.0,26.7,29.8,34.8,232.0
L1200201,全脂羊奶粉(即溶),羊乳粉,Whole goat milk powder,乳品類,517.0,25.9,30.8,35.1,225.0
M0100101,牛油(未精煉),,Tallow,油脂類,642.0,0.0,71.9,4.2,
M0100201,牛油(精煉),,Tallow,油脂類,885.0,0.0,99.1,0.6,3.0
M0200101,豬油,,Lard,油脂類,890.0,0.0,99.7,0.0,
M0200102,豬油(2022年取樣),,Lard,油脂類,892.0,0.0,99.9,0.0,1.0
M0200201,高油酸豬油,,Lard: high oleic,油脂類,893.0,0.0,100.0,0.0,
M0300101,雞油,,Chicken oil,油脂類,891.0,0.0,99.8,0.0,
M0900101,"奶油(固態,不加鹽)","動物性奶油(CNS命名""乳酪"")",Butter: unsalted,油脂類,733.0,0.6,82.7,0.9,6.0
M0900201,"奶油(固態,加鹽)","動物性奶油(CNS命名""乳酪"")",Butter: salted,油脂類,699.0,0.7,77.5,3.7,624.0
M0900301,奶油(液態),"動物性奶油,鮮奶油(CNS命名""乳油"")",Cream,油脂類,340.0,2.0,39.1,0.0,24.0
M1000101,人造奶油(維生素強化),植物性奶油,Margarine,油脂類,725.0,0.1,82.0,0.0,804.0
M1000102,人造奶油(2021年取樣),乳瑪琳,"Milkmarrine,Margarine",油脂類,722.0,0.1,81.7,1.7,553.0
M1000201,中脂人造奶油,植物性奶油,Margarine,油脂類,674.0,0.0,76.2,1.3,883.0
M1000301,人造奶油(低熱量),,Margarine: low calorie,油脂類,94.0,2.5,10.6,29.6,476.0
M1100101,大豆油,"黃豆油,沙拉油",Soybean oil,油脂類,884.0,0.0,100.0,0.0,
M1100201,大豆油(卵磷脂強化),,Soybean oil: lecithin enriched,油脂類,880.0,0.0,99.6,0.0,
M1100301,大豆油(多種維生素強化),沙拉油,Soybean oil: multi-vitamins enriched,油脂類,883.0,0.0,99.9,0.0,
M1200101,玉米油,"粟米油,玉米胚芽油",Corn oil; Maize oil,油脂類,883.0,0.0,99.8,0.1,
M1300101,米油(秈米),"米糠油,玄米油,胚芽米油",Rice oil; Rice bran oil,油脂類,883.0,0.1,99.9,0.0,
M1300201,米油(粳米),"米糠油,玄米油,胚芽米油",Rice oil; Rice bran oil,油脂類,883.0,0.0,99.9,0.0,
M1400101,亞麻仁油,,,油脂類,820.0,0.2,92.8,6.9,
M1500101,白芝麻油,,Sesame oil: white,油脂類,884.0,0.1,100.0,0.0,
M1500201,黑芝麻油,,Sesame oil: black,油脂類,881.0,0.1,99.7,0.2,
M1550101,調合芝麻油,,Blending sesame oil,油脂類,884.0,0.1,100.0,0.0,
M1600101,花生油,,Peanut (arachis) oil,油脂類,883.0,0.0,99.9,0.0,
M1650101,調合花生油,,Blending peanut oil,油脂類,884.0,0.0,100.0,0.0,
M1700101,油菜籽油,,Rapeseed oil,油脂類,883.0,0.0,99.9,0.0,
M1800101,芥花油,"芥花籽油,菜籽油",Canola oil,油脂類,883.0,0.0,99.9,0.0,2.0
M1900101,南瓜籽油,,Pumpkin seed oil,油脂類,883.0,0.0,99.9,0.0,
M2000101,紅花籽油,,Safflower oil,油脂類,884.0,0.0,100.0,0.0,
M2000201,高油酸紅花籽油,,Safflower oil: high oleic acid,油脂類,880.0,0.0,99.6,0.4,
M2100101,核桃油,,Walnut oil,油脂類,883.0,0.0,99.9,0.0,
M2200101,油茶油,"苦茶(籽)油,山茶油,天綠果油,大果種油茶油",,油脂類,883.0,0.0,99.9,0.0,1.0
M2200201,熟油茶油,"苦茶(籽)油,山茶油,天綠果油,大果種油茶油",,油脂類,883.0,0.0,99.9,0.0,
M2300101,高油酸棕櫚油,,Palm kernel oil: high oleic acid,油脂類,883.0,0.0,99.9,0.0,
M2400101,椰子油,,Coconut oil,油脂類,883.0,0.0,99.9,0.0,
M2500101,葵花籽油,,Sunflower oil,油脂類,884.0,0.0,100.0,0.0,
M2500201,葵花籽油(多種維生素強化),,Sunflower oil: multi-vitamin enriched,油脂類,883.0,0.0,99.9,0.0,
M2500301,高油酸葵花籽油,,Sunflower seed oil: high oleic acid,油脂類,883.0,0.0,99.9,0.0,
M2600101,葡萄籽油,,Grape seed oil,油脂類,884.0,0.0,100.0,0.0,
M2700101,橄欖油,,Olive oil,油脂類,884.0,0.0,100.0,0.0,
M9900101,烤酥油,,Shortening,油脂類,883.0,0.0,99.9,0.0,
M9900201,調合植物油,蔬菜油,Vegetable oil,油脂類,887.0,0.0,100.3,0.0,
M9900301,中鏈脂肪酸油,,Medium chain triglyceride oil,油脂類,883.0,0.0,99.9,0.0,
N0100101,方糖,,Cube sugar,糖類,385.0,,,99.6,2.0
N0100201,冰糖,,Candy sugar; Crysted sugar; Rock sugar,糖類,387.0,,,99.9,1.0
N0100301,紅砂糖,紅糖,Brown sugar,糖類,384.0,0.0,0.5,99.3,1.0
N0100401,黑砂糖,黑糖,Black sugar; Brown sugar,糖類,369.0,0.5,0.7,95.3,10.0
N0200101,麥芽糖,,Maltose,糖類,325.0,,,84.1,0.0
N0300101,果糖,高果糖糖漿,Fructose,糖類,297.0,,,76.9,0.0
N0400101,果寡糖,,Fructo-oligo saccharide,糖類,300.0,,,77.5,0.0
N0600101,楓糖,,Maples,糖類,258.0,0.1,0.1,66.6,1.0
N0700101,蜂蜜(冬蜜),,Honey: winter,糖類,315.0,0.1,0.1,81.5,
N0700201,蜂蜜(春蜜),,Honey: spring,糖類,308.0,0.2,0.2,79.6,
N0800101,黑糖蜜,,,糖類,280.0,0.2,0.0,72.4,2.0
N0900101,冬瓜糖磚,,Wax-gourd sugar,糖類,360.0,,,93.1,18.0
O0100101,西瓜汁(非原汁),,,飲料類,30.0,1.1,0.1,6.1,1.0
O0100201,芭樂汁(非原汁),,Guava juice,飲料類,45.0,0.2,0.1,11.0,24.0
O0100301,柳橙汁(非原汁),,Orange juice,飲料類,50.0,0.1,0.1,12.3,22.0
O0100401,柳橙汁(100%),,,飲料類,48.0,0.6,0.3,10.7,8.0
O0100501,烏梅汁,,,飲料類,58.0,0.3,0.2,13.8,10.0
O0100601,黑棗茶,,,飲料類,46.0,0.0,,11.6,3.0
O0100701,楊桃汁(非原汁),,Star fruit juice,飲料類,49.0,0.0,0.1,12.0,149.0
O0100801,葡萄柚汁(非原汁),,Grapefruit juice,飲料類,41.0,0.2,0.2,9.7,24.0
O0100901,鳳梨汁(非原汁),,Pineapple juice,飲料類,48.0,0.3,0.2,11.3,33.0
O0101001,蔓越莓汁(非原汁),,,飲料類,45.0,0.9,0.1,10.0,9.0
O0101101,檸檬汁(非原汁),,Lemon juice,飲料類,33.0,0.8,0.1,7.1,1.0
O0101201,蘋果汁(非原汁),,Apple juice,飲料類,47.0,0.1,0.4,10.9,14.0
O0101301,蘋果汁(100%),,,飲料類,51.0,0.1,0.2,12.2,1.0
O0200101,蕃茄汁(非原汁),,Tomato juice,飲料類,22.0,0.7,0.2,4.4,98.0
O0200201,仙草蜜,,,飲料類,35.0,0.0,0.0,8.8,48.0
O0200301,薑母茶,,Ginger tea,飲料類,28.0,,,7.0,26.0
O0200401,蘆薈露飲料,,Aloe drinking,飲料類,44.0,0.0,,10.9,8.0
O0200501,黑豆茶,,Black bean tea,飲料類,13.0,,,3.2,3.0
O0200601,龜苓茶,,,飲料類,33.0,0.0,0.0,8.3,18.0
O0200701,麥茶,,,飲料類,18.0,,,4.4,18.0
O0200801,黑麥汁,,,飲料類,52.0,0.3,0.0,12.6,6.0
O0400101,果汁醋飲料(綜合),,Vinegar drink,飲料類,37.0,,,9.3,42.0
O0600101,可樂,,Coca cola,飲料類,51.0,,,12.8,7.0
O0600201,可樂(低熱量),,Diet coke,飲料類,1.0,,,0.3,10.0
O0600301,沙士,,Root beer,飲料類,37.0,,,9.2,5.0
O0600401,加鹽沙士,,,飲料類,41.0,0.8,0.0,9.4,17.0
O0600501,沙士(低糖),,Root beer: diet,飲料類,43.0,0.0,0.0,10.9,
O0600601,汽水(綜合口味),,Soda pop; Aerated water,飲料類,42.0,,,10.6,8.0
O0600701,汽水(維生素強化),,,飲料類,46.0,,,11.5,10.0
O0700101,美式咖啡(無糖),,,飲料類,2.0,0.2,0.1,0.3,2.0
O0700201,無糖咖啡飲料,,,飲料類,4.0,0.2,0.1,0.5,16.0
O0700301,拿鐵咖啡(無糖),咖啡牛奶,,飲料類,43.0,3.0,2.0,3.4,28.0
O0700401,咖啡(三合一),咖啡牛奶,Coffee drink,飲料類,39.0,0.9,0.4,8.2,25.0
O0700501,紅茶茶湯,,Black tea,飲料類,0.0,0.1,,0.0,
O0700601,紅茶(大麥),,Black tea,飲料類,34.0,0.0,,8.6,8.0
O0700701,紅茶(蘋果),水果茶,,飲料類,37.0,0.0,,9.2,5.0
O0700801,烏龍茶茶湯,,OoLong tea; Woo-Loong tea,飲料類,0.0,0.0,,0.0,
O0700901,烏龍茶,,OoLong tea; Woo-Loong tea,飲料類,0.0,0.1,,0.1,7.0
O0701001,"烏龍茶(去冰,微糖)",,,飲料類,16.0,0.1,0.0,3.8,
O0701101,"烏龍茶(去冰,半糖)",,,飲料類,21.0,0.1,0.0,5.2,
O0701201,"烏龍茶(去冰,全糖)",,,飲料類,36.0,0.1,0.0,8.8,
O0701301,綠茶茶湯,,Green tea,飲料類,0.0,0.1,,0.0,
O0701401,綠茶,,Green tea,飲料類,22.0,0.0,,5.4,9.0
O0701501,鮮奶茶(無糖),紅茶拿鐵,,飲料類,27.0,2.0,1.4,1.4,12.0
O0701601,奶茶(三合一),,Milk tea,飲料類,42.0,0.5,0.3,9.5,18.0
O0701701,"烏龍奶茶(去冰,微糖)",,,飲料類,59.0,0.2,2.9,8.1,
O0701801,"烏龍奶茶(去冰,半糖)",,,飲料類,62.0,0.2,2.6,9.6,
O0701901,"烏龍奶茶(去冰,全糖)",,,飲料類,75.0,0.2,2.8,12.3,
O0702001,"珍珠奶茶(去冰,微糖)",,,飲料類,75.0,0.2,2.3,13.5,
O0702101,"珍珠奶茶(去冰,半糖)",,,飲料類,84.0,0.2,2.7,14.5,
O0702201,"珍珠奶茶(去冰,全糖)",,,飲料類,94.0,0.2,2.4,17.9,
O0702301,奶茶沖泡包(三合一),,Instant tea powder mix,飲料類,452.0,1.7,12.9,82.3,245.0
O0702401,茉莉花茶湯,香片,Jasmine tea,飲料類,0.0,0.1,,0.0,
O0702501,茉莉花茶,,Jasmine tea drink,飲料類,28.0,0.1,,7.1,19.0
O0702601,菊花茶,,Chrysauthemum tea,飲料類,30.0,0.0,,7.4,17.0
O0702701,多多綠茶(全糖),,,飲料類,49.0,1.1,0.1,11.0,10.0
O0702801,冬瓜茶,,White gourd drink,飲料類,33.0,0.0,,8.3,16.0
O0702901,乳酸飲料,,,飲料類,45.0,0.2,0.0,11.0,20.0
O0703001,維生素強化飲料(胡蘿蔔素),,Drink: beta-carotene enriched,飲料類,39.0,0.0,,9.9,8.0
O0703101,維生素強化飲料(綜合),,Drink: multi-vitamin enriched,飲料類,54.0,0.2,,13.4,38.0
O0703201,維生素強化飲料(維生素C),,Drink: vitamin C enriched,飲料類,57.0,,,14.3,2.0
O0703301,運動飲料,,Isotonic drink,飲料類,28.0,0.1,,7.0,41.0
O0703401,米醋飲料,,Vinegar drink,飲料類,52.0,,,13.0,63.0
O0900101,即溶咖啡粉,,Instant coffee,飲料類,363.0,16.6,1.3,71.2,86.0
O0900201,咖啡沖泡包(二合一),,Instant coffee powder mix,飲料類,491.0,6.8,23.3,63.6,100.0
O0900301,咖啡沖泡包(三合一),,Instant coffee powder mix,飲料類,437.0,4.8,9.5,83.0,43.0
O0900401,紅茶沖泡包(檸檬),,,飲料類,398.0,,,99.5,6.0
O0901501,薑茶沖泡包,,Instant ginger tea powder,飲料類,399.0,0.3,0.3,98.7,14.0
O0901601,抹茶粉,綠茶粉,,飲料類,361.0,23.4,6.4,63.0,4.0
O0901701,可可粉,,Cocoa powder,飲料類,464.0,20.8,22.8,43.8,26.0
O0901801,小麥草粉,小麥苗粉,,飲料類,370.0,34.0,7.4,41.9,8.0
O9900301,椰奶,,coconut milk,飲料類,49.0,0.2,2.1,7.4,19.0
P0100101,八角,"大茴,茴香",Star anise,調味料及香辛料類,360.0,4.9,3.9,76.2,19.0
P0100201,小茴香粉,孜然粉,Cumin powder,調味料及香辛料類,411.0,19.5,25.8,37.0,241.0
P0100301,山葵粉,,,調味料及香辛料類,387.0,10.1,6.1,72.9,13.0
P0100401,五香粉,,,調味料及香辛料類,363.0,8.7,8.9,68.1,98.0
P0100501,甘草粉,,,調味料及香辛料類,341.0,9.2,3.6,73.4,109.0
P0100601,肉桂粉,,Cassia powder,調味料及香辛料類,343.0,4.2,2.9,78.8,10.0
P0100701,西洋芹菜片,,Cliantro leaves,調味料及香辛料類,315.0,24.4,6.8,49.9,91.0
P0100801,花椒粉,,,調味料及香辛料類,369.0,10.0,9.2,63.2,565.0
P0100901,洋香菜片,,Parsley leaves,調味料及香辛料類,312.0,24.4,7.5,47.7,28.0
P0101001,洋蔥粉,,,調味料及香辛料類,377.0,8.1,1.8,82.1,34.0
P0101101,白胡椒粉,,White pepper powder,調味料及香辛料類,342.0,3.7,1.1,78.8,120.0
P0101201,紅胡椒粒,,,調味料及香辛料類,376.0,5.9,13.7,59.3,81.0
P0101301,黑胡椒粉,,Black pepper powder,調味料及香辛料類,372.0,11.6,6.7,67.7,7.0
P0101401,綠胡椒粒,,,調味料及香辛料類,379.0,11.3,7.3,68.4,1179.0
P0101501,迷迭香粉,,Rosemary powder,調味料及香辛料類,432.0,5.9,21.9,59.8,5.0
P0101601,荳蔻粉,,Nutmeg powder,調味料及香辛料類,448.0,6.7,26.2,50.6,15.0
P0101701,蒜粉,,Garlic powder,調味料及香辛料類,332.0,18.1,0.4,71.9,74.0
P0101801,辣椒粉,,Shili powder; Cayenne; paprika,調味料及香辛料類,387.0,14.7,14.1,59.1,12.0
P0101901,薑黃粉,,curcuma powder,調味料及香辛料類,358.0,14.6,2.7,69.0,5.0
P0102001,薑粉,,,調味料及香辛料類,333.0,10.4,3.6,70.5,2849.0
P0102101,羅勒片,,Basil leaves,調味料及香辛料類,289.0,23.3,5.8,46.1,26.0
P0102201,花椒粒,,,調味料及香辛料類,359.0,10.3,12.5,53.6,2780.0
P0200101,七味唐辛子,,Shichimi togarashi,調味料及香辛料類,463.0,15.8,24.1,45.8,39.0
P0200201,沙茶粉,,,調味料及香辛料類,507.0,15.0,28.8,47.0,2143.0
P0200301,豆酥,,,調味料及香辛料類,540.0,30.1,38.1,19.2,3129.0
P0200401,咖哩粉,,Curry powder,調味料及香辛料類,417.0,13.9,14.1,58.5,552.0
P0200501,咖哩塊,,Curry,調味料及香辛料類,515.0,5.6,34.5,45.4,4180.0
P0200601,油蔥酥,,Fried shallots,調味料及香辛料類,518.0,7.4,28.8,57.1,30.0
P0200701,梅子粉,,,調味料及香辛料類,286.0,2.0,3.9,60.8,10507.0
P0200801,椰子粉,,Coconut powder,調味料及香辛料類,629.0,7.2,60.3,27.8,29.0
P0200901,蒜頭酥,,,調味料及香辛料類,452.0,11.7,17.8,61.2,32.0
P0201001,糖粉,,Sugar powder,調味料及香辛料類,399.0,0.0,0.2,99.3,1.0
P0201101,椰漿,,,調味料及香辛料類,208.0,1.1,23.1,0.0,23.0
P0201201,黃耆水,,,調味料及香辛料類,14.0,0.9,0.0,2.9,2.0
P0201301,黃耆片,,,調味料及香辛料類,321.0,14.9,1.6,68.7,16.0
P0201401,陳皮,,"Tangerine peel, chenpi",調味料及香辛料類,349.0,6.9,2.4,74.8,3.0
P0201501,山楂,,,調味料及香辛料類,345.0,1.9,2.5,78.7,12.0
P0300101,岩鹽,,Salt,調味料及香辛料類,2.0,0.0,0.1,0.4,34468.0
P0300201,低鈉鹽,,Salt: low sodium,調味料及香辛料類,11.0,0.0,0.0,2.8,18341.0
P0400101,味精,,Monosodium glutamate,調味料及香辛料類,251.0,44.5,,18.1,11656.0
P0400201,高鮮味精,,,調味料及香辛料類,269.0,45.0,,22.3,11879.0
P0400301,鮮雞精,,Granulated chicken stock,調味料及香辛料類,267.0,10.8,10.1,33.3,17522.0
P0400401,鰹魚粉,,,調味料及香辛料類,240.0,21.9,1.0,35.8,15888.0
P0500101,高湯塊(排骨),,,調味料及香辛料類,363.0,12.5,23.9,24.5,14158.0
P0500201,高湯塊(雞肉),,,調味料及香辛料類,340.0,14.7,24.8,14.5,16862.0
P0500301,高湯(豬大骨),,,調味料及香辛料類,49.0,4.2,0.7,6.6,4472.0
P0500401,低脂高湯,,,調味料及香辛料類,2.0,0.3,0.0,0.3,406.0
P0500501,素食高湯,,,調味料及香辛料類,17.0,0.3,0.0,4.0,1286.0
P0600101,米醋,,Rice vinegar,調味料及香辛料類,10.0,,,2.4,8.0
P0600201,糯米醋,,Rice vinegar,調味料及香辛料類,17.0,0.1,0.0,4.1,81.0
P0600301,高梁醋,,Sorghum vinegar,調味料及香辛料類,27.0,,,6.8,3.0
P0600401,薏仁醋,,,調味料及香辛料類,13.0,,,3.3,183.0
P0600501,紅醋,紅酢,Red vinegar,調味料及香辛料類,5.0,0.3,0.0,0.8,7.0
P0600601,香醋,,Vinegar,調味料及香辛料類,3.0,,,0.7,103.0
P0600701,烏醋,,Black vinegar,調味料及香辛料類,37.0,0.5,0.0,8.7,1571.0
P0600801,素食烏醋,,Vinegar,調味料及香辛料類,42.0,,,10.4,2131.0
P0600901,壽司醋,,Vinegar,調味料及香辛料類,181.0,,,45.2,2159.0
P0700101,醬油,,Soy sauce,調味料及香辛料類,90.0,7.8,,14.7,4997.0
P0700201,薏仁醬油,,Soy sauce,調味料及香辛料類,83.0,9.3,,11.5,4774.0
P0700301,黑豆醬油,"黑豆蔭油,蔭油",Soy sauce,調味料及香辛料類,114.0,7.5,0.2,20.6,4077.0
P0700401,淡色醬油,,Soy sauce,調味料及香辛料類,78.0,7.1,0.4,11.5,5278.0
P0700501,薄鹽醬油(低鈉),低鹽醬油,Soy sauce,調味料及香辛料類,77.0,7.4,,11.9,3508.0
P0700601,薄鹽醬油(低鈉高鉀),,Soy sauce,調味料及香辛料類,56.0,6.5,,7.6,3260.0
P0700701,醬油膏,,,調味料及香辛料類,103.0,6.8,,19.0,4050.0
P0700801,黑豆油膏,蔭油膏,,調味料及香辛料類,146.0,7.8,0.1,28.6,3010.0
P0700901,薄鹽黑豆醬油膏,,,調味料及香辛料類,124.0,7.6,0.1,23.3,2964.0
P0800101,味醂,"米醂,米霖",Mirin,調味料及香辛料類,220.0,0.5,0.0,54.5,108.0
P0800201,鮮味露,,,調味料及香辛料類,75.0,20.1,0.1,0.0,7803.0
P0800301,蠔油,,,調味料及香辛料類,156.0,6.5,0.1,32.2,5847.0
P0800401,魚露,,,調味料及香辛料類,64.0,10.2,0.2,5.3,8908.0
P0900101,紅辣椒油,,,調味料及香辛料類,899.0,0.0,99.8,0.1,0.0
P0900201,香油,,,調味料及香辛料類,883.0,,99.9,0.0,
P0900301,蝦油,,Shrimp sauce,調味料及香辛料類,56.0,7.4,0.1,6.4,8411.0
P1000101,干貝醬,XO醬,,調味料及香辛料類,558.0,16.7,51.0,8.0,1109.0
P1000201,牛肉醬,,,調味料及香辛料類,507.0,17.0,38.9,22.2,989.0
P1000301,肉燥,,,調味料及香辛料類,397.0,9.5,38.1,4.2,941.0
P1000401,素肉燥,,,調味料及香辛料類,483.0,12.4,42.6,12.5,1056.0
P1000501,義式乳酪醬,,,調味料及香辛料類,216.0,8.8,17.0,6.9,403.0
P1000601,炸醬,,,調味料及香辛料類,398.0,14.6,34.7,6.7,3545.0
P1000701,素食炸醬,,,調味料及香辛料類,391.0,13.9,35.3,4.5,3474.0
P1000801,海苔醬,,,調味料及香辛料類,223.0,6.4,0.0,49.3,1985.0
P1000901,麻醬,芝麻醬,Sesame sauce,調味料及香辛料類,643.0,20.8,52.8,21.3,4.0
P1001001,速食乾麵麻醬包,,,調味料及香辛料類,676.0,13.2,64.0,11.8,1716.0
P1001101,白醬,,,調味料及香辛料類,61.0,1.2,3.2,6.8,934.0
P1001201,青醬,,,調味料及香辛料類,83.0,0.9,5.4,7.7,1211.0
P1001301,蕃茄義大利麵醬,,,調味料及香辛料類,70.0,3.2,2.5,8.9,768.0
P1001401,五味醬,,,調味料及香辛料類,140.0,1.3,0.8,31.9,1947.0
P1001501,牛排醬,,Steak sauce,調味料及香辛料類,130.0,2.5,0.0,30.1,2113.0
P1001601,羊肉爐醬,,,調味料及香辛料類,130.0,7.3,7.2,8.9,2945.0
P1001701,沙茶醬,,,調味料及香辛料類,729.0,10.2,71.8,10.4,421.0
P1001801,素沙茶醬,,,調味料及香辛料類,670.0,7.6,66.0,11.4,1991.0
P1001901,黃芥茉醬,,Mustard sauce,調味料及香辛料類,74.0,4.1,3.7,6.2,1154.0
P1002001,山葵醬,芥茉醬,,調味料及香辛料類,338.0,1.1,5.9,70.2,265.0
P1002101,金桔醬,,,調味料及香辛料類,84.0,0.5,0.4,19.5,1750.0
P1002201,海鮮醬,,,調味料及香辛料類,228.0,1.8,2.2,50.3,2271.0
P1002301,烤肉醬,,Barbecue sauce,調味料及香辛料類,157.0,5.2,0.8,32.1,2604.0
P1002401,排骨醬,,Spare rib sauce,調味料及香辛料類,221.0,2.3,4.4,43.1,4196.0
P1002501,甜辣醬,,,調味料及香辛料類,116.0,1.0,0.0,28.1,1968.0
P1002601,甜麵醬,,,調味料及香辛料類,216.0,4.5,2.4,44.0,1870.0
P1002701,朝鮮醬,,,調味料及香辛料類,106.0,1.6,2.3,19.7,1502.0
P1002801,黑胡椒醬,,,調味料及香辛料類,117.0,2.5,0.5,25.5,1762.0
P1002901,日式照燒醬,,,調味料及香辛料類,227.0,3.0,0.5,52.6,1840.0
P1003001,蒜蓉醬,,Garlic sauce,調味料及香辛料類,282.0,4.2,20.0,21.2,817.0
P1003101,辣蒜蓉醬,,Garlic hot sauce,調味料及香辛料類,78.0,2.3,4.2,7.8,5043.0
P1003201,辣椒醬,,Hot sauce; Chili sauce; Pungent sauce; Chili paste,調味料及香辛料類,83.0,2.6,2.9,11.5,4948.0
P1003301,蔥醬,,,調味料及香辛料類,149.0,2.2,6.8,19.5,1122.0
P1003401,糖醋醬,,,調味料及香辛料類,131.0,1.9,2.6,25.1,1858.0
P1003501,蕃茄醬,,Catchup; Ketchup,調味料及香辛料類,114.0,1.6,0.1,26.7,1116.0
P1003601,薑蓉醬,,Ginger sauce,調味料及香辛料類,65.0,1.0,2.6,9.4,646.0
P1003701,蘑菇醬,,Mushroom sauce,調味料及香辛料類,58.0,1.5,2.4,7.7,355.0
P1003801,米豆醬,,,調味料及香辛料類,128.0,7.4,3.0,17.9,4354.0
P1003901,蒜味豆豉醬,,,調味料及香辛料類,270.0,9.5,17.0,19.7,3150.0
P1004001,豆酥醬,,,調味料及香辛料類,671.0,12.2,64.5,10.4,1207.0
P1004101,豆瓣醬,,Bean paste,調味料及香辛料類,178.0,14.2,8.1,12.2,5042.0
P1004201,辣豆瓣醬,,,調味料及香辛料類,100.0,4.5,3.3,13.1,4380.0
P1004301,紅麴醬,,,調味料及香辛料類,163.0,4.6,0.5,35.0,2687.0
P1004401,韭花醬,,,調味料及香辛料類,29.0,2.1,0.3,4.5,5063.0
P1004501,香椿醬,,,調味料及香辛料類,507.0,8.1,51.7,2.3,962.0
P1004601,麻婆醬,,,調味料及香辛料類,190.0,2.9,9.5,23.1,1753.0
P1004701,蝦醬,,Shrimp paste,調味料及香辛料類,99.0,19.6,1.7,1.3,10132.0
P1100101,沙拉醬,,Mayonnaise sauce; Mayonnaise; Salad dressing,調味料及香辛料類,645.0,1.9,65.7,11.4,980.0
P1100102,沙拉醬(2021年取樣),蛋黃醬,Salad dressing,調味料及香辛料類,630.0,1.9,61.7,16.8,687.0
P1100201,無蛋沙拉醬,,,調味料及香辛料類,479.0,1.8,44.0,19.0,549.0
P1100202,無蛋沙拉醬(2021年取樣),,Eggless salad dressing,調味料及香辛料類,631.0,0.3,59.8,22.9,350.0
P1100301,千島沙拉醬,,,調味料及香辛料類,515.0,1.0,49.3,16.7,631.0
P1100401,和風沙拉醬,,,調味料及香辛料類,129.0,2.1,1.7,26.3,2853.0
P1100501,凱撒沙拉醬,,,調味料及香辛料類,337.0,1.4,29.1,17.3,1275.0
P1200101,味噌,,,調味料及香辛料類,215.0,10.6,4.5,33.1,4153.0
P1300101,法式奶酥醬,,,調味料及香辛料類,596.0,6.7,46.5,37.6,177.0
P1300201,巧克力醬(液體),,,調味料及香辛料類,277.0,2.0,0.8,65.4,68.0
P1300301,草莓果醬,,Jam: strawberry,調味料及香辛料類,272.0,0.4,1.2,65.0,22.0
P1300401,葡萄果醬,,Jam: grape,調味料及香辛料類,261.0,0.0,1.9,60.9,52.0
P1300501,柚子果醬,,,調味料及香辛料類,268.0,0.6,0.8,64.5,81.0
P1300601,桑葚果醬,,,調味料及香辛料類,227.0,0.9,0.4,54.9,1.0
P1300701,白芝麻麵包醬,,,調味料及香辛料類,685.0,20.0,60.4,15.3,30.0
P1300801,黑芝麻麵包醬,,,調味料及香辛料類,667.0,10.6,57.4,27.0,107.0
P1300901,花生醬,,Peanut butter,調味料及香辛料類,657.0,24.0,54.3,17.9,306.0
P1301001,洋蔥麵包醬,,,調味料及香辛料類,276.0,1.0,26.1,9.5,535.0
P1301101,法式香蒜醬,,,調味料及香辛料類,791.0,1.1,85.7,3.8,477.0
P1301201,無糖黑芝麻醬,,Black Sesame Sauce,調味料及香辛料類,612.0,20.7,56.0,17.7,2.0
P1400101,液體奶精,奶精,Creamer(liquid),調味料及香辛料類,262.0,3.9,26.3,2.5,217.0
P1400102,液體奶精(2021年),奶精,Creamer(liquid),調味料及香辛料類,242.0,2.2,24.0,4.2,122.0
P1400201,奶精粉,"奶精,植物性奶精",Non-dairy creamer; Creamer(powder),調味料及香辛料類,544.0,2.2,33.0,59.5,158.0
P1400202,奶精粉(2021年),奶精,"Non-Dairy Creamer, Creamer(powder)",調味料及香辛料類,550.0,2.1,34.6,57.6,243.0
P1400301,奶精粉(低脂),"奶精,植物性奶精","Non-dairy creamer (low fat), Creamer(powder)",調味料及香辛料類,450.0,2.1,15.7,75.2,99.0
P1500101,炸排粉,,,調味料及香辛料類,344.0,11.9,1.8,70.0,2927.0
P1500201,炸雞粉,,,調味料及香辛料類,333.0,8.3,1.7,71.0,3790.0
P1500301,蒸肉粉(五香),,,調味料及香辛料類,350.0,10.3,1.1,74.8,1211.0
P1500401,熱狗粉,,,調味料及香辛料類,355.0,8.4,0.9,78.4,315.0
P1500501,麵包粉,,Bread crumb,調味料及香辛料類,370.0,14.4,1.5,74.6,256.0
P1500601,酵母粉,,Yeast powder,調味料及香辛料類,347.0,46.3,0.0,40.4,140.0
Q0100101,冷藏寧波年糕,,,糕餅點心類,220.0,3.9,0.6,49.7,62.0
Q0100201,冷藏甜年糕,,,糕餅點心類,242.0,2.3,0.4,57.2,15.0
Q0100301,冷藏廣式芋頭粿,,Taro cake,糕餅點心類,109.0,2.1,1.6,21.5,242.0
Q0100401,冷藏廣式蘿蔔糕,菜頭粿,Turnip cake; Radish cake,糕餅點心類,111.0,2.2,2.3,20.4,251.0
Q0100501,包餡甜麻糬(紅豆),,,糕餅點心類,329.0,10.0,2.9,65.7,44.0
Q0200101,鹹麻糬,,,糕餅點心類,248.0,8.7,4.5,43.2,272.0
Q0300101,芋仔餅,,,糕餅點心類,354.0,4.6,12.1,56.6,8.0
Q0300201,月餅(棗泥),,Moon cake,糕餅點心類,419.0,6.0,18.2,57.9,120.0
Q0300301,綠豆凸,綠豆椪,Mung bean cake,糕餅點心類,394.0,6.9,15.9,55.8,14.0
Q0300401,蕃薯餅,,,糕餅點心類,331.0,3.9,10.6,54.9,24.0
Q0400101,車輪餅(紅豆),,,糕餅點心類,187.0,2.1,1.1,42.3,108.0
Q0400201,車輪餅(菜脯),,,糕餅點心類,183.0,1.4,5.7,31.6,467.0
Q0500101,太陽餅,,Sun cake,糕餅點心類,460.0,5.3,20.5,63.6,3.0
Q0500201,牛舌餅,,,糕餅點心類,411.0,5.7,13.2,67.4,66.0
Q0500301,蛋黃芋頭酥,,,糕餅點心類,217.0,3.1,3.0,44.2,34.0
Q0500401,蛋黃酥,,Egg-yolk cake,糕餅點心類,461.0,11.4,26.4,44.5,196.0
Q0500501,鳳梨酥,,Pineapple cake,糕餅點心類,484.0,4.2,24.4,62.0,59.0
Q0500601,蘿蔔酥,,Turnip cake,糕餅點心類,427.0,7.5,20.9,52.3,72.0
Q0600701,鳳眼糕,,,糕餅點心類,379.0,3.8,0.8,89.0,1.0
Q0600801,米粩,豬油粩,,糕餅點心類,442.0,2.6,13.7,76.9,34.0
Q0700101,可頌,,,糕餅點心類,452.0,7.3,26.1,47.1,360.0
Q0700201,泡芙(巧克力),,Chocolate puff,糕餅點心類,590.0,10.3,40.4,46.2,146.0
Q0700301,蛋塔,,,糕餅點心類,376.0,4.1,21.7,41.1,85.0
Q0700401,蛋塔(葡式),,,糕餅點心類,375.0,3.7,25.8,31.9,119.0
Q0700501,鬆餅,,,糕餅點心類,257.0,3.2,2.6,55.1,228.0
Q0800101,冷凍馬拉糕,,,糕餅點心類,320.0,7.1,12.9,44.0,166.0
Q0800201,銅鑼燒,,,糕餅點心類,332.0,3.4,9.9,57.2,123.0
Q0800301,冷凍馬蹄條,,,糕餅點心類,194.0,4.2,1.9,40.1,277.0
Q0900101,乳酪蛋糕,,Cheese cake,糕餅點心類,296.0,7.0,21.3,19.1,153.0
Q0900201,海綿蛋糕(圓形),,,糕餅點心類,344.0,5.1,18.1,40.2,208.0
Q0900301,提拉米蘇(圓形),,,糕餅點心類,328.0,4.4,25.1,21.1,105.0
Q0900401,蜂蜜蛋糕(原味),,Honey cake,糕餅點心類,346.0,6.5,14.5,47.4,76.0
Q0900501,蜂蜜蛋糕(巧克力),,Honey cake: chocolate,糕餅點心類,341.0,6.9,15.6,43.1,134.0
Q0900601,蜂蜜蛋糕(起司),,Honey cake: Cheese,糕餅點心類,352.0,7.4,18.1,39.9,170.0
Q0900701,黑森林蛋糕,巧克力鮮奶油蛋糕,,糕餅點心類,277.0,4.2,17.8,25.0,76.0
Q1000101,土司,,Toast,糕餅點心類,289.0,9.5,6.3,48.6,443.0
Q1000201,土司(含全穀粉),,,糕餅點心類,292.0,10.0,6.1,49.2,355.0
Q1000301,紅豆土司,,,糕餅點心類,319.0,9.2,10.2,47.7,290.0
Q1000401,奶酥麵包,,Bread,糕餅點心類,377.0,9.1,15.7,49.8,215.0
Q1000501,肉鬆麵包,,Bread,糕餅點心類,429.0,8.1,22.9,47.6,417.0
Q1000601,蜜糖甜甜圈(波/摩堤),波(摩)堤,,糕餅點心類,396.0,2.0,20.7,50.6,389.0
Q1000701,糖粒甜甜圈(油炸),,,糕餅點心類,401.0,5.3,19.8,50.3,265.0
Q1000801,菠蘿麵包,,Bread,糕餅點心類,378.0,9.2,15.0,51.5,204.0
Q1000901,葡萄乾奶酥麵包,,,糕餅點心類,306.0,8.4,7.9,50.4,251.0
Q1001001,漢堡包,,,糕餅點心類,322.0,9.1,7.4,54.9,286.0
Q1001101,餐包,,,糕餅點心類,365.0,7.2,14.9,50.5,206.0
Q1001201,雙胞胎麵包,,,糕餅點心類,341.0,8.4,7.7,59.6,35.0
Q2100101,仙草凍,,,糕餅點心類,19.0,0.9,0.1,3.7,71.0
Q2100102,仙草凍(2020取樣),,,糕餅點心類,19.0,0.3,0.2,4.1,56.0
Q2100201,咖啡凍,,,糕餅點心類,75.0,0.1,0.2,18.1,13.0
Q2100301,果凍,,Fruit jelly,糕餅點心類,91.0,,0.2,22.3,30.0
Q2100401,原味愛玉凍,"愛玉,草子仔,草枳子,天拋藤,玉枳,枳子,天拋,風不動",Awkeotsang; Jelly-fig; Moraceae,糕餅點心類,2.0,,,0.4,13.0
Q2100501,檸檬愛玉凍,"愛玉,草子仔,草枳子,天拋藤,玉枳,枳子,天拋,風不動",Awkeotsang; Jelly-fig; Moraceae,糕餅點心類,53.0,,,13.1,28.0
Q2100601,粉粿,,,糕餅點心類,65.0,0.0,0.1,15.5,30.0
Q2102101,鮮奶布丁,白布丁,Milk pudding,糕餅點心類,110.0,3.0,5.1,13.1,54.0
Q2102201,烤布丁,,Pudding,糕餅點心類,138.0,4.7,7.1,13.8,63.0
Q2102301,黃布丁,雞蛋布丁,Pudding,糕餅點心類,110.0,2.3,3.5,17.3,66.0
Q2104101,豆花(花生),,,糕餅點心類,60.0,2.0,0.9,10.9,8.0
Q2104201,傳統豆花(未加糖),,,糕餅點心類,39.0,3.2,1.9,2.1,22.0
Q2106101,羊羹,,,糕餅點心類,289.0,3.0,0.7,67.6,38.0
Q2200101,巧克力冰淇淋,,Ice cream: chocolate flavor,糕餅點心類,192.0,4.2,10.6,19.9,80.0
Q2200201,香草冰淇淋,,Ice cream: vanilla flavor,糕餅點心類,182.0,2.5,9.1,22.6,102.0
Q2200301,紅豆牛奶冰棒,,Red bean milk ice bar,糕餅點心類,155.0,3.5,4.9,24.3,25.0
Q2300101,花生仁湯,,Peanut soup,糕餅點心類,108.0,2.8,5.1,12.7,51.0
Q4100101,方塊酥,"恩典酥,方塊酥",,糕餅點心類,509.0,7.1,24.1,66.1,4.0
Q4100201,夾心餅乾(草莓),,Cookie,糕餅點心類,517.0,4.8,27.4,62.8,303.0
Q4100301,捲心酥,,,糕餅點心類,490.0,6.1,19.9,71.7,73.0
Q4100401,蛋捲(芝麻),,Egg roll,糕餅點心類,549.0,6.8,33.3,55.5,225.0
Q4100501,煎餅,,,糕餅點心類,444.0,6.3,11.7,78.3,162.0
Q4100601,營養口糧,,,糕餅點心類,424.0,6.8,8.7,79.7,333.0
Q4100701,蘇打餅乾(蔬菜),,,糕餅點心類,512.0,7.8,24.7,64.5,388.0
Q4200101,玉米餅乾(原味),,,糕餅點心類,504.0,7.6,24.3,63.8,314.0
Q4200201,洋芋片,,Potato chips,糕餅點心類,553.0,5.2,34.3,55.8,383.0
Q4200301,魚酥,,,糕餅點心類,564.0,8.3,36.6,50.3,695.0
Q4200401,零食泡麵,,,糕餅點心類,484.0,11.3,21.5,61.3,1872.0
Q4300101,雪餅,,,糕餅點心類,487.0,5.8,19.4,72.3,385.0
Q4900101,沙其馬,,,糕餅點心類,487.0,5.6,24.8,60.2,128.0
Q6100101,牛奶巧克力,,Chocolate,糕餅點心類,546.0,9.4,32.6,54.0,101.0
Q6100201,花生牛奶巧克力,,Chocolate,糕餅點心類,489.0,13.0,23.2,56.9,50.0
Q6100301,榛果牛奶巧克力,,Chocolate,糕餅點心類,590.0,9.0,40.4,47.5,45.0
Q6100401,糖衣牛奶巧克力,,Chocolate,糕餅點心類,481.0,4.8,18.6,73.6,61.0
Q6100501,白巧克力風味糖,,Chocolate,糕餅點心類,562.0,8.6,34.7,53.8,109.0
Q6100601,黑巧克力(85%),,Chocolate,糕餅點心類,613.0,10.9,46.1,38.7,5.0
Q6200101,白芝麻糖,,Candy,糕餅點心類,521.0,8.4,26.2,62.9,4.0
Q6200201,黑芝麻糖,,Candy,糕餅點心類,536.0,8.5,30.4,57.0,50.0
Q6200301,花生糖,,Candy,糕餅點心類,562.0,17.9,35.3,43.3,183.0
Q6200401,花生貢糖,,Candy,糕餅點心類,511.0,13.5,26.3,55.0,118.0
Q6200501,牛軋糖,,Candy,糕餅點心類,477.0,9.7,21.7,60.8,316.0
Q6200601,核棗糕,,,糕餅點心類,425.0,2.5,14.6,71.1,47.0
Q6300101,水果軟糖,,Candy,糕餅點心類,411.0,1.3,8.4,82.6,4.0
Q6300201,水果QQ軟糖,,Candy,糕餅點心類,343.0,6.8,0.2,78.3,28.0
Q6310101,牛奶軟糖,,Candy,糕餅點心類,424.0,2.9,11.1,78.0,101.0
Q6310201,巧克力牛奶軟糖,,Candy,糕餅點心類,422.0,3.4,11.3,76.7,119.0
Q6400101,太妃糖,,Toffee,糕餅點心類,438.0,2.7,13.9,75.6,211.0
Q6400201,蓮藕糖,,Candy,糕餅點心類,395.0,0.2,0.4,97.8,43.0
Q6400301,枇杷糖,,Candy,糕餅點心類,394.0,0.2,0.1,98.0,14.0
Q6400401,苦茶糖,,Candy,糕餅點心類,396.0,0.1,0.2,98.5,7.0
Q6400501,薑糖,,Candy,糕餅點心類,359.0,0.3,2.5,84.0,93.0
Q6400601,巧克力夾心糖,,Candy,糕餅點心類,403.0,0.7,2.8,93.7,21.0
Q6800101,維生素C口含錠(檸檬),,,糕餅點心類,399.0,0.2,0.6,98.3,9.0
Q6800201,酵母菌咀嚼錠,,,糕餅點心類,391.0,23.6,5.6,61.4,186.0
Q6900101,乳酸球,,,糕餅點心類,474.0,3.8,21.7,66.1,35.0
Q6900201,羊乳片,,Goat milk tablet,糕餅點心類,410.0,23.4,10.0,56.6,319.0
Q6900301,紅豆球,,,糕餅點心類,351.0,7.1,1.0,78.4,13.0
Q6900401,綠豆球,,,糕餅點心類,346.0,6.2,1.1,77.9,16.0
Q6900501,棉花糖,,Marshmallow,糕餅點心類,331.0,3.2,0.3,78.9,16.0
Q8100101,甘薯蜜餞,,,糕餅點心類,347.0,0.9,0.6,84.3,163.0
Q8100201,芒果青,,,糕餅點心類,223.0,0.6,0.4,54.2,149.0
Q8100401,芭樂果乾,,,糕餅點心類,347.0,1.1,0.2,85.2,368.0
Q8100501,鳳梨果乾,,,糕餅點心類,348.0,2.0,0.3,84.6,182.0
Q8100601,檸檬果乾,,,糕餅點心類,344.0,0.8,0.2,84.6,292.0
Q9100101,豆干丁(五香),,,糕餅點心類,383.0,35.4,18.1,19.6,988.0
Q9100202,豆干片(沙茶),,,糕餅點心類,464.0,16.2,28.2,36.4,686.0
Q9900101,布丁粉,,Pudding powder,糕餅點心類,419.0,2.7,7.1,86.1,231.0
Q9900201,冰淇淋粉(香草),,Ice cream powder: vanilla flavor,糕餅點心類,430.0,15.9,11.7,65.3,583.0
Q9900301,起酥片,,,糕餅點心類,404.0,6.7,26.9,33.8,205.0
R0100101,廣東粥,,Catonese congee,加工調理食品及其他類,81.0,4.9,2.8,9.1,271.0
R0200101,冷凍火腿炒飯,,Fried rice,加工調理食品及其他類,189.0,5.0,5.6,29.7,220.0
R0200201,冷凍蝦仁炒飯,,Fried rice,加工調理食品及其他類,148.0,4.7,3.4,24.6,222.0
R0300101,三角飯糰(肉鬆),,,加工調理食品及其他類,219.0,5.8,5.5,36.6,224.0
R0300201,糯米飯糰,,,加工調理食品及其他類,335.0,5.9,17.6,38.3,393.0
R0300301,壽司(豆皮壽司),稻禾壽司,,加工調理食品及其他類,194.0,6.3,4.7,31.7,276.0
R0400101,肉粽,,,加工調理食品及其他類,235.0,8.2,8.8,30.7,343.0
R0400201,鹼粽,,,加工調理食品及其他類,131.0,2.1,1.7,26.8,214.0
R0500301,冷凍筒仔米糕,,,加工調理食品及其他類,212.0,6.5,5.8,33.6,331.0
R0500401,筒仔米糕,,,加工調理食品及其他類,246.0,6.6,8.6,35.5,299.0
R0600101,豬血糕,米血糕,,加工調理食品及其他類,194.0,8.6,0.9,37.8,414.0
R0600201,鴨血糕,米血糕,,加工調理食品及其他類,193.0,6.7,1.1,39.1,1739.0
R0700101,肉圓,肉丸,,加工調理食品及其他類,136.0,3.1,1.6,27.3,217.0
R0700201,清蒸蝦仁肉圓,肉丸,,加工調理食品及其他類,152.0,4.6,7.4,16.7,429.0
R0800101,甜酒釀,,Fermented rice,加工調理食品及其他類,163.0,5.0,0.4,34.8,2.0
R0800201,紫米酒釀,,,加工調理食品及其他類,155.0,4.2,0.4,33.6,1.0
R0900101,冷凍芝麻湯圓,,,加工調理食品及其他類,352.0,4.8,16.3,46.7,3.0
R0900201,冷凍花生湯圓,,,加工調理食品及其他類,350.0,5.2,15.6,47.1,6.0
R0900301,冷凍豬肉湯圓,,,加工調理食品及其他類,281.0,6.5,12.1,36.6,210.0
R1100101,免煮飯,,Instant rice,加工調理食品及其他類,168.0,3.2,0.3,37.1,16.0
R1100201,埔里米粉,,Pure rice noodle,加工調理食品及其他類,358.0,0.5,0.5,87.7,3.0
R1100301,細米粉,,Rice noodle,加工調理食品及其他類,355.0,0.4,0.6,87.2,197.0
R1100401,濁水米粉,,Rice noodle,加工調理食品及其他類,357.0,5.3,1.3,81.1,209.0
R1100501,米粄條,美濃粄條,,加工調理食品及其他類,129.0,1.1,0.9,29.2,82.0
R1100601,米苔目,,Rice noodle: thick,加工調理食品及其他類,121.0,0.6,0.1,29.6,10.0
R1100701,粿仔條,,Rice noodle,加工調理食品及其他類,193.0,0.5,1.2,45.0,15.0
R1300101,米漿(散裝),,,加工調理食品及其他類,62.0,0.6,0.5,13.7,2.0
R1300201,保久米漿,,,加工調理食品及其他類,62.0,1.0,1.5,11.3,21.0
R1300301,糙米漿,,,加工調理食品及其他類,71.0,1.3,2.2,11.6,20.0
R1300401,糙秈米漿,,,穀物類,68.0,0.9,2.1,11.4,28.0
R1300501,糯米漿,,,加工調理食品及其他類,51.0,0.8,0.8,10.2,27.0
R1300601,黑糯米漿,,,加工調理食品及其他類,50.0,0.4,0.2,11.6,14.0
R1310101,米漿粉,,Rice milk powder,加工調理食品及其他類,444.0,9.1,12.3,74.3,3.0
R1500101,燕麥奶,,,加工調理食品及其他類,44.0,1.0,0.8,8.1,14.0
R1600101,玉米粒罐頭,,Corn kernal: canned,加工調理食品及其他類,90.0,2.3,1.4,16.9,208.0
R1600201,玉米醬罐頭,,Cream style sweat corn; Sweat cream style corn,加工調理食品及其他類,66.0,1.4,0.4,14.0,276.0
R1700101,麵筋(未調味),,Gluten; Wheat gluten,加工調理食品及其他類,643.0,42.5,53.0,0.0,7.0
R1700201,麵腸(未調味),,Rolled flour gluten,加工調理食品及其他類,138.0,20.6,1.9,9.7,47.0
R1800101,水餃皮,,Dumpling skin,加工調理食品及其他類,264.0,7.8,0.5,57.0,629.0
R1800201,春捲皮,,Spring roll skin,加工調理食品及其他類,241.0,8.3,0.7,50.4,545.0
R1800301,餛飩皮,,Wonton skin,加工調理食品及其他類,271.0,8.3,0.5,58.2,501.0
R1900101,長麵線,壽麵線,Noodle string; Wheat flour string,加工調理食品及其他類,310.0,10.7,1.1,64.3,2874.0
R1900201,紅麵線,,Noodle string; Wheat flour string,加工調理食品及其他類,307.0,11.3,1.4,62.3,2813.0
R1900301,麵線,,Shou noodle/Vermicelli/-,加工調理食品及其他類,350.0,11.7,1.5,72.4,752.0
R1900401,雞絲麵,,Noodle: shredded chicken flavored,加工調理食品及其他類,463.0,9.4,22.8,55.0,2450.0
R2000101,乾麵條,,Noodle: dried,加工調理食品及其他類,350.0,11.6,1.5,72.5,362.0
R2000201,油麵條,油麵,Raw oil noodle (dry),加工調理食品及其他類,361.0,11.4,1.2,76.3,712.0
R2000301,紅蘿蔔麵,,Noodle: carrot flavored,加工調理食品及其他類,352.0,12.1,1.0,73.8,368.0
R2000401,通心麵,,Pasta: macaroni,加工調理食品及其他類,359.0,13.8,1.4,72.6,25.0
R2000501,菠菜麵,,Noodle: spinach flavored,加工調理食品及其他類,356.0,11.8,1.2,74.4,310.0
R2000601,鍋燒意麵,,Noodle: pot-burn fried noodle,加工調理食品及其他類,479.0,10.0,22.8,58.5,990.0
R2000701,雞蛋麵,,Noodle: egg flavored,加工調理食品及其他類,358.0,12.5,0.9,74.8,467.0
R2000801,刀削麵,,Noodle: sliced,加工調理食品及其他類,267.0,8.4,0.9,56.2,226.0
R2000901,拉麵,,Noodle: Ramen,加工調理食品及其他類,292.0,9.1,0.8,62.1,429.0
R2001001,意麵,,Noodle:fried,加工調理食品及其他類,290.0,10.1,1.0,60.1,572.0
R2001101,衛生油麵,,Oil noodle (cooked),加工調理食品及其他類,163.0,5.5,1.8,31.2,67.0
R2001201,金門黃麵,,,加工調理食品及其他類,158.0,6.4,0.5,31.9,326.0
R2001301,冷凍烏龍麵,,,加工調理食品及其他類,129.0,3.4,0.3,28.2,192.0
R2001401,鍋燒麵,,Wu-lohg noodle,加工調理食品及其他類,120.0,4.5,0.4,24.6,42.0
R2001501,蕎麥麵(乾),,Buckwheet noodles,加工調理食品及其他類,349.0,12.7,1.7,70.6,733.0
R2001502,蕎麥麵(濕),,Buckwheat noodle,加工調理食品及其他類,153.0,6.3,1.5,28.6,136.0
R2100101,炒板條,,,加工調理食品及其他類,149.0,4.2,4.2,23.7,307.0
R2100201,泡麵(牛肉口味),,Instant noodle,加工調理食品及其他類,473.0,9.6,24.5,53.6,2077.0
R2100301,泡麵(鮮蝦口味),,Instant noodle,加工調理食品及其他類,475.0,9.6,23.8,55.5,1889.0
R2100401,擔仔麵,,,加工調理食品及其他類,124.0,4.4,6.5,11.9,312.0
R2200101,冷凍牛肉水餃,,Dumpling: beef,加工調理食品及其他類,215.0,8.9,9.7,23.1,383.0
R2200201,冷凍豬肉水餃,,Dumpling: pork,加工調理食品及其他類,208.0,8.1,9.7,22.1,447.0
R2200301,冷凍豬肉韭菜水餃,,Dumpling: pork and leek,加工調理食品及其他類,229.0,8.4,11.5,23.0,439.0
R2200401,冷凍豬肉蟹黃水餃,,Dumpling,加工調理食品及其他類,223.0,7.8,9.8,26.0,472.0
R2200501,冷凍香菇雞肉水餃,,"Dumpling: marshroom, chicken",加工調理食品及其他類,221.0,9.5,10.2,22.7,350.0
R2200601,冷凍素食水餃,,Dumpling: vegetarian,加工調理食品及其他類,175.0,8.7,4.1,25.8,369.0
R2200701,冷凍鮪魚水餃,,Dumpling: tuna,加工調理食品及其他類,196.0,9.0,8.5,20.8,275.0
R2200801,冷凍豬肉熟水餃,,"Dumpling: pork, cooked",加工調理食品及其他類,235.0,7.2,10.1,28.9,333.0
R2200901,冷凍素食熟水餃,,"Dumpling: vegetarian, cooked",加工調理食品及其他類,209.0,7.2,5.4,32.9,491.0
R2201001,冷凍冬菜蝦仁餛飩,雲吞,Wonton: cabbage and shrimp,加工調理食品及其他類,191.0,9.1,6.3,24.5,316.0
R2201101,冷凍豬肉餛飩,雲吞,Wonton: pork,加工調理食品及其他類,240.0,11.1,12.6,20.5,428.0
R2201201,冷凍菜肉餛飩,雲吞,Wonton: vegetable and pork,加工調理食品及其他類,236.0,9.1,16.3,13.3,693.0
R2201301,溫州餛飩,大餛飩,Wonton,加工調理食品及其他類,145.0,6.5,7.9,11.9,381.0
R2201401,豬肉鍋貼,,,加工調理食品及其他類,238.0,7.8,11.3,26.2,314.0
R2201501,熟水餃(高麗菜水餃),,,加工調理食品及其他類,199.0,7.4,10.1,19.7,301.0
R2300101,冷凍叉燒包,,,加工調理食品及其他類,266.0,8.8,4.8,47.0,167.0
R2300201,冷凍酸菜焢肉包子,,,加工調理食品及其他類,301.0,8.6,13.1,37.2,343.0
R2300301,冷凍芋泥包,,Taro paste bun,加工調理食品及其他類,263.0,6.6,3.6,51.1,46.0
R2300401,冷凍豆沙包,,Red bean paste bun,加工調理食品及其他類,247.0,7.4,1.1,51.8,60.0
R2300501,冷凍芝麻包,,Sesame bun,加工調理食品及其他類,341.0,7.2,11.7,51.7,24.0
R2300601,冷凍蓮蓉包,,Lotus seed paste bun,加工調理食品及其他類,292.0,7.9,5.5,52.8,82.0
R2300701,冷凍叉燒包子,,,加工調理食品及其他類,267.0,7.1,6.1,46.0,210.0
R2300801,冷凍牛肉包子,,Beef bun,加工調理食品及其他類,269.0,10.8,4.6,46.1,261.0
R2300901,冷凍豬肉包子,,Pork bun,加工調理食品及其他類,266.0,7.6,9.2,38.2,230.0
R2301001,冷凍豬肉湯包,,Pork bun,加工調理食品及其他類,235.0,10.1,14.3,16.3,447.0
R2301101,小籠包,,Small meat bun,加工調理食品及其他類,242.0,9.6,15.5,15.9,248.0
R2301201,冷凍素菜包子,,Vegetable bun,加工調理食品及其他類,234.0,8.6,3.8,41.4,244.0
R2301301,竹筍包,,,加工調理食品及其他類,209.0,6.9,5.5,32.9,348.0
R2400101,冷凍白饅頭,,,加工調理食品及其他類,279.0,7.4,2.4,57.0,91.0
R2400201,白饅頭,,,加工調理食品及其他類,248.0,8.1,1.2,51.3,182.0
R2400301,芋頭饅頭,,,加工調理食品及其他類,155.0,5.7,0.6,31.5,71.0
R2400401,花捲,,,加工調理食品及其他類,227.0,5.7,1.9,47.0,425.0
R2400501,冷藏堅果饅頭,,,加工調理食品及其他類,307.0,9.6,8.8,47.3,119.0
R2400601,黑糖饅頭,,,加工調理食品及其他類,235.0,6.8,0.9,50.0,41.0
R2400701,冷凍銀絲卷(奶黃),,,加工調理食品及其他類,283.0,8.9,3.3,54.5,11.0
R2500101,火腿蛋三明治,,,加工調理食品及其他類,275.0,10.9,13.2,28.2,426.0
R2600101,披薩(夏威夷),,,加工調理食品及其他類,270.0,12.0,8.7,35.9,437.0
R2600201,冷凍披薩(黑胡椒火腿),,Pizza,加工調理食品及其他類,210.0,9.3,6.9,27.7,405.0
R2700101,蔥油餅,,,加工調理食品及其他類,305.0,8.3,9.3,46.9,257.0
R2700201,冷凍蔥油餅,蔥油派,,加工調理食品及其他類,258.0,9.1,3.1,48.5,602.0
R2700301,冷凍蛋餅皮,,,加工調理食品及其他類,231.0,5.7,3.7,43.7,291.0
R2700401,燒餅,,,加工調理食品及其他類,323.0,9.1,9.1,51.1,458.0
R2800101,韭菜盒子,,,加工調理食品及其他類,217.0,7.5,12.1,19.5,287.0
R2800201,大餅包小餅(紅豆),,,加工調理食品及其他類,376.0,8.3,16.5,48.5,135.0
R2800301,水煎包,,,加工調理食品及其他類,166.0,4.3,5.4,25.2,310.0
R2800401,牛肉餡餅,,,加工調理食品及其他類,225.0,9.6,10.4,23.3,350.0
R2800501,豬肉餡餅,,,加工調理食品及其他類,327.0,6.2,23.3,23.1,290.0
R2900101,冷凍燒賣,,,加工調理食品及其他類,188.0,9.9,9.7,15.3,384.0
R2900201,冷凍水晶包,,,加工調理食品及其他類,211.0,4.8,7.8,30.4,193.0
R2900301,"冷凍,水晶餃",,,加工調理食品及其他類,190.0,2.8,3.5,36.8,348.0
R3000101,油條,,Cruller,加工調理食品及其他類,551.0,10.1,40.2,37.3,341.0
R3000201,冷凍春捲,,Spring roll,加工調理食品及其他類,272.0,5.1,13.9,31.5,449.0
R3000301,蚵仔煎,,,加工調理食品及其他類,192.0,4.9,10.4,19.7,479.0
R3000401,棺材板,,,加工調理食品及其他類,264.0,7.0,17.5,19.7,299.0
R3000501,油豆腐粉絲(阿給),阿給,,加工調理食品及其他類,146.0,6.9,6.2,15.7,162.0
R3100101,冷凍可樂餅(奶汁),,,加工調理食品及其他類,114.0,3.6,2.3,19.8,338.0
R4100101,芋圓,,,加工調理食品及其他類,214.0,0.9,0.2,52.1,2.0
R4100201,粉圓,,,加工調理食品及其他類,346.0,0.2,0.0,86.2,13.0
R4100301,冷凍甘薯條,薯條,French fries: sweet potato,加工調理食品及其他類,182.0,1.8,6.5,29.0,67.0
R4100401,冷凍馬鈴薯條,薯條,French fries: potato,加工調理食品及其他類,151.0,2.2,4.5,25.5,18.0
R4100501,西谷米,,Sago; Sago pearl; Tapioca,加工調理食品及其他類,360.0,0.1,0.1,89.7,14.0
R4400101,台式泡菜,,,加工調理食品及其他類,59.0,0.9,0.3,13.1,330.0
R4400201,黃金泡菜,,,加工調理食品及其他類,111.0,2.4,5.7,12.5,497.0
R4400301,韓式泡菜,,,加工調理食品及其他類,35.0,2.0,0.4,5.8,487.0
R4400401,花瓜罐頭,,,加工調理食品及其他類,89.0,2.9,0.2,18.8,1458.0
R4400501,冷凍洋蔥圈,,Onion ring,加工調理食品及其他類,281.0,4.0,11.0,41.4,503.0
R4400601,醃辣椒,剝皮辣椒,,加工調理食品及其他類,53.0,1.9,0.3,10.6,1520.0
R4400701,桂竹筍片,,,加工調理食品及其他類,19.0,1.0,0.2,3.3,815.0
R4400801,麻竹筍干,,,加工調理食品及其他類,400.0,,,100.0,
R4400901,薤,"蕗蕎,薤頭,火蔥,蕎蔥,大韭(韮),露京,蕎頭,叫頭",Allium bakeri Regel;Baker's garlic,加工調理食品及其他類,11.0,0.5,0.2,1.9,2586.0
R4401001,甘藍乾,高麗菜乾,Cabbage: dried,加工調理食品及其他類,194.0,7.2,1.1,38.9,3854.0
R4401101,酸甘藍菜,酸高麗菜,,加工調理食品及其他類,24.0,1.4,0.2,4.2,497.0
R4401201,梅乾菜,,,加工調理食品及其他類,116.0,5.5,1.1,20.8,11555.0
R4401301,榨菜,"榨菜藺蕓苔,四川榨菜,疙瘩菜,稜角菜,筆架菜,香爐菜,瘤菜",tsatsai， tza-tsai,加工調理食品及其他類,27.0,1.3,0.4,4.6,2790.0
R4401401,酸菜,"鹹菜,鹼菜,醃(大/鹹)酸菜,大鹹菜,鹹菜仁",kraut， sourkrout， sourcrout， sauerkraut,加工調理食品及其他類,19.0,0.8,0.3,3.2,1447.0
R4401501,醃漬冬瓜,"白瓜,東瓜,枕瓜,水芝,地芝",Wax gourd: pickled,加工調理食品及其他類,28.0,2.5,0.2,4.1,3690.0
R4401601,醃漬花胡瓜,"小黃瓜,花瓜,小胡瓜,小瓜,小刺瓜,水胡瓜",Cucumber:pickeled,加工調理食品及其他類,89.0,3.0,0.5,18.1,1603.0
R4401701,醃漬越瓜,"醃瓜,菴瓜,梢瓜,酥瓜,甜瓜,羊角瓜,稍瓜,生瓜,白瓜,青瓜,百香胡瓜",Oriental pickling melon,加工調理食品及其他類,18.0,1.1,0.2,3.1,873.0
R4500101,銀耳罐頭,"白木耳,雪耳",,加工調理食品及其他類,49.0,0.1,0.1,12.0,7.0
R4500201,草菇罐頭,"蘭花菇,美味草菇,包腳菇,中國蘑菇,稈(麻/貢)菇,南華菇,家生菇(小包腳菇)",(Paddy) Straw mushroom: canned,加工調理食品及其他類,36.0,3.3,0.1,5.4,306.0
R4500301,醃漬香菇,"冬(北/花/厚/毛)菇,椎茸,香蕈(信/椹),合蕈",Mushroom: pickled; Champignon: pickled; Shiitake: pickled,加工調理食品及其他類,56.0,3.0,0.1,10.6,723.0
R4500401,秀珍菇罐頭,"平菇,小平菇,側耳平菇,蠔菇,袖珍(鮑魚)菇(側耳)",(Common) Oyster mushroom: canned; Obalonus: canned,加工調理食品及其他類,30.0,1.7,0.5,4.7,245.0
R4500501,金針菇罐頭,"金(冬/榎/朴)菇,金絲菇,金菇菜,秋葷,樸蕈構菌,毛柄金線菇,菌子(絨柄金錢菇)",Velvet foot: canned; Gold mushroom: canned; Enokitake: canned; Winter Mushroom: canned; Snow Mushroom: canned,加工調理食品及其他類,27.0,1.7,0.2,4.5,959.0
R4500601,洋菇罐頭,"西洋蘑菇(蘑菇,雙孢蘑菇)",Mushroom: canned,加工調理食品及其他類,31.0,2.9,0.3,4.3,532.0
R4500701,猴頭菇罐頭,"猴頭蘑,刺蝟菌,蝟菌,花菜菇,圓頭菇,陰陽蘑,對臉蘑",,加工調理食品及其他類,31.0,1.0,0.1,6.5,174.0
R4600101,高纖胚芽冬粉,粉絲,Bean thread: green bean w/ germ,加工調理食品及其他類,364.0,0.6,0.2,90.0,2.0
R4600201,冬粉,粉絲,Mung bean thread; Water flour,加工調理食品及其他類,351.0,0.1,0.1,87.5,10.0
R4600301,寬粉,寬條冬粉,,加工調理食品及其他類,349.0,0.1,0.1,86.9,4.0
R4700101,佃煮黑豆,,,加工調理食品及其他類,271.0,10.5,6.2,43.5,251.0
R4700201,豆干絲,,Beancurd noodles,加工調理食品及其他類,170.0,18.3,8.6,4.8,549.0
R4700202,五香豆干,,Soy bean curd cake: spiced; Spiced fried beancurd;,加工調理食品及其他類,197.0,19.3,10.6,6.2,445.0
R4700203,小方豆干,,Hard bean curd,加工調理食品及其他類,161.0,17.4,8.6,3.5,116.0
R4700301,黑豆干,,,加工調理食品及其他類,197.0,19.0,12.5,2.1,123.0
R4700401,豆腐皮,豆皮,Dried beancurd skin; Soy (bean) milk film,加工調理食品及其他類,209.0,25.3,11.0,2.4,23.0
R4700501,日式炸豆皮,,Yuba: fried,加工調理食品及其他類,388.0,19.2,32.4,4.9,1.0
R4700601,豆豉,蔭豉,Fermented black bean,加工調理食品及其他類,237.0,20.4,11.5,12.8,6075.0
R4700701,豆棗,,,加工調理食品及其他類,420.0,11.7,19.2,50.0,854.0
R4700801,百頁豆腐,千張豆腐,Beancurd sheets,加工調理食品及其他類,196.0,13.4,13.1,6.3,425.0
R4700901,傳統豆腐,板豆腐,Tofu; Bean curd; Soy bean cheese,加工調理食品及其他類,88.0,8.5,3.4,6.0,2.0
R4700902,傳統豆腐(2022年取樣),板豆腐,Tofu; Bean curd; Soy bean cheese,加工調理食品及其他類,96.0,9.6,5.5,1.9,7.0
R4701001,冷凍豆腐,凍豆腐,Bean curd: frozen,加工調理食品及其他類,131.0,12.9,7.1,3.9,8.0
R4701101,小三角油豆腐,,Bean curd: oil fried,加工調理食品及其他類,160.0,12.7,13.3,0.0,1.0
R4701201,嫩豆腐,,,加工調理食品及其他類,53.0,4.9,3.0,1.6,32.0
R4701301,雞蛋豆腐,,Bean curd with egg,加工調理食品及其他類,79.0,6.9,4.6,2.7,307.0
R4701401,麻油辣腐乳,,,加工調理食品及其他類,107.0,9.0,5.8,4.8,3675.0
R4800101,素肉,,,加工調理食品及其他類,210.0,23.9,10.1,6.0,731.0
R4800201,冷凍素雞塊,,,加工調理食品及其他類,206.0,14.2,8.1,19.0,456.0
R4900101,花生麵筋罐頭,,peanut gluten,加工調理食品及其他類,206.0,11.0,11.1,15.5,778.0
R4900201,香菇麵筋罐頭,,Mushroom gluten,加工調理食品及其他類,192.0,10.7,10.0,14.9,916.0
R4900301,花豆罐頭(糖漬),"紅花豆,紅(赤)花菜豆,花仔(阿/柳)豆",Kidney beans: canned; White dutch runner bean: canned; Scarlet runner bean: canned; multiflora bean: canned,加工調理食品及其他類,204.0,7.6,0.0,43.5,7.0
R4900401,紅豆罐頭(糖漬),"小豆,赤小豆,赤豆,通常小豆,小紅豆,紅小豆",Red bean: canned; Rice bean: canned; Small red bean: canned; Adzuki bean: canned,加工調理食品及其他類,233.0,8.0,0.3,49.5,8.0
R4900501,甘納豆,,,加工調理食品及其他類,333.0,6.6,1.0,74.5,184.0
R4900601,豌豆仁罐頭,"荷蓮豆仁,荷仁豆仁,荷蘭豆仁,花蓮豆仁,飛龍豆仁,青豆仁,胡豆仁,畢豆仁,宛豆仁,孫豆仁,丸豆仁,留",Pea: canned,加工調理食品及其他類,126.0,7.2,0.9,22.1,211.0
R4900701,鹽酥蠶豆,"蠶豆酥,蠶豆子,蠶豆花",Broad bean: salted; Field bean: salted,加工調理食品及其他類,481.0,26.9,20.9,46.3,386.0
R5000101,豆漿,豆奶,Soy milk; Bean milk,加工調理食品及其他類,60.0,3.2,1.3,9.0,36.0
R5000201,雞蛋豆漿,雞蛋豆奶,Soy milk: egg flavor,加工調理食品及其他類,56.0,1.9,1.3,9.2,24.0
R5000301,鹹豆漿,,Soy(bean) milk: salted,加工調理食品及其他類,37.0,3.5,1.8,1.7,198.0
R5000401,黑豆漿,黑豆奶,Black soy(bean) milk,加工調理食品及其他類,39.0,1.1,0.6,7.4,21.0
R5000501,豆漿優酪乳,豆奶優酪乳,Soya yogurt,加工調理食品及其他類,70.0,2.0,1.2,12.9,8.0
R5000601,DHA豆奶,,Soybean milk: DHA enriched,加工調理食品及其他類,44.0,1.7,0.5,8.0,34.0
R5010101,豆漿粉,豆奶粉,Soy milk powder,加工調理食品及其他類,434.0,37.4,17.1,32.5,0.0
R5100101,叉燒肉,,Basted meat,加工調理食品及其他類,253.0,17.2,13.1,16.5,841.0
R5100201,切片火腿(牛肉),"三明治火腿,火腿片",Beef: sandwich meat,加工調理食品及其他類,121.0,15.9,2.2,9.4,1200.0
R5100301,切片火腿(豬肉),"三明治火腿,火腿片",Sandwich ham,加工調理食品及其他類,147.0,16.5,4.9,9.0,1006.0
R5100401,切片火腿(雞肉),"三明治火腿,火腿片",Chicken: sandwich meat,加工調理食品及其他類,148.0,15.3,5.3,10.0,1040.0
R5100501,"條狀火腿(牛肉,黑胡椒)",,"Beef: ham, black pepper",加工調理食品及其他類,113.0,18.9,2.3,4.1,1125.0
R5100601,條狀火腿(豬肉),,Ham,加工調理食品及其他類,145.0,16.2,3.8,11.5,1029.0
R5100701,醬肘子,"醬肘花,醬汁燒蹄膀",,加工調理食品及其他類,134.0,19.0,6.6,0.0,671.0
R5100801,培根,三層煙肉,Pork: bacon,加工調理食品及其他類,372.0,13.5,35.6,0.0,610.0
R5100901,臘肉(五花肉),,"Pork: lean and fat, salted, cured and smoked",加工調理食品及其他類,525.0,18.5,49.0,2.4,1539.0
R5100902,臘肉(腿肉),,"Pork: salted, cured and smoked",加工調理食品及其他類,377.0,26.7,27.2,6.4,3220.0
R5101001,滷牛筋,滷蹄筋,Beef Tendons: stewed,加工調理食品及其他類,119.0,21.1,2.8,2.6,524.0
R5101101,滷豬腳,,Pork hock: stewed in soy sauce,加工調理食品及其他類,237.0,28.4,15.4,0.0,187.0
R5101201,醃燻豬肝,,"Pork: liver, pickled and smoked",加工調理食品及其他類,167.0,26.8,4.7,4.2,905.0
R5101301,膽肝,"鹹豬肝,粉肝,柴肝","Pork: liver, salted",加工調理食品及其他類,252.0,31.2,7.9,13.9,3204.0
R5200101,片狀肉乾(牛肉),牛肉干,"Beef: sliced, baked, dried",加工調理食品及其他類,335.0,30.3,5.2,41.8,1317.0
R5200102,"片狀肉乾(牛肉,辣味)",辣味牛肉干,"Beef: baked, sliced and spiced; Spicy flavored beef jerky",加工調理食品及其他類,335.0,38.0,7.0,29.9,1537.0
R5200201,片狀肉乾(豬肉),豬肉干,Pork: baked,加工調理食品及其他類,329.0,30.0,5.0,41.0,1177.0
R5200301,條狀肉乾(豬肉),"豬肉乾,豬肉干","Pork: striped, dried",加工調理食品及其他類,345.0,43.2,7.9,25.1,1325.0
R5300101,牛肉香腸,,Beef: sausage,加工調理食品及其他類,298.0,20.7,20.5,7.8,792.0
R5300201,香腸,,Pork: sausage,加工調理食品及其他類,354.0,17.0,26.3,12.3,1026.0
R5300202,香腸(蒜味),,"Pork: sausage, garlic flavor",加工調理食品及其他類,387.0,16.6,27.8,17.7,1021.0
R5300203,蒟蒻香腸(蒜味),,"Pork: sausage, koniac, garlic flavor",加工調理食品及其他類,289.0,19.4,14.9,19.3,1106.0
R5300301,小巧香腸,小香腸,Mini-sausage,加工調理食品及其他類,362.0,15.1,28.2,11.9,912.0
R5300401,雞肉香腸(大),,"Chicken: sausage, large",加工調理食品及其他類,283.0,22.4,16.3,11.8,914.0
R5300402,雞肉香腸(小),,"Chicken: sausage, small",加工調理食品及其他類,459.0,13.9,37.7,15.9,699.0
R5300501,熱狗,,Pork: hot dog,加工調理食品及其他類,257.0,13.3,18.1,10.2,607.0
R5300601,德國香腸,,"Pork: German sausage, bratwurst",加工調理食品及其他類,275.0,15.9,21.4,4.6,547.0
R5300701,冷凍小香腸,,Sausage,加工調理食品及其他類,249.0,14.8,17.8,7.4,722.0
R5400101,冷凍珍珠丸,,,加工調理食品及其他類,225.0,9.5,11.5,20.9,313.0
R5400201,冷凍貢丸,,Meatball,加工調理食品及其他類,244.0,16.6,20.3,0.0,580.0
R5400301,冷凍雞肉丸,,,加工調理食品及其他類,202.0,10.5,12.3,12.3,597.0
R5500101,冷凍牛肉漢堡肉,,,加工調理食品及其他類,249.0,14.4,18.5,6.3,302.0
R5500201,冷凍雞塊,,Chicken nugget,加工調理食品及其他類,228.0,15.3,12.9,12.6,596.0
R5600101,豬肉脯,豬肉絨,Pork: dried and crushed,加工調理食品及其他類,441.0,33.4,25.1,20.3,1518.0
R5600201,豬肉酥,豬肉鬆,Pork: dried and crushed,加工調理食品及其他類,513.0,33.0,28.3,31.6,1467.0
R5600301,雞肉酥,雞肉鬆,"Chicken: dried, crushed",加工調理食品及其他類,451.0,26.7,14.6,53.2,1644.0
R5900101,肉羹,,,加工調理食品及其他類,247.0,9.7,14.7,18.9,512.0
R5900201,冷凍咕咾肉,,,加工調理食品及其他類,184.0,6.4,9.5,18.3,395.0
R5900301,豬腳凍,,,加工調理食品及其他類,145.0,16.6,7.8,2.0,726.0
R6100101,冷凍花枝丸,,,加工調理食品及其他類,166.0,12.7,7.0,13.0,456.0
R6100201,冷凍虱目魚丸,,Milkfish ball,加工調理食品及其他類,206.0,13.7,11.9,11.0,551.0
R6100301,冷凍文蛤丸,,Clam ball,加工調理食品及其他類,211.0,16.2,9.2,15.8,565.0
R6100401,冷凍旗魚丸,,Swordfish ball,加工調理食品及其他類,160.0,12.8,6.7,12.0,700.0
R6100501,冷凍鱈魚丸,,Codfish ball,加工調理食品及其他類,99.0,8.5,2.4,10.7,459.0
R6100601,冷凍蝦丸,,Shrimp ball,加工調理食品及其他類,123.0,10.8,2.3,14.7,780.0
R6200201,冷凍花枝排,,,加工調理食品及其他類,187.0,5.5,7.3,24.9,648.0
R6200301,冷凍鮪排,,,加工調理食品及其他類,143.0,13.4,0.9,20.4,664.0
R6200401,冷凍蝦餅,,Shrimp croquette,加工調理食品及其他類,127.0,9.6,2.1,17.3,337.0
R6300301,冷凍干貝酥,,,加工調理食品及其他類,146.0,8.3,0.2,27.7,802.0
R6300401,冷凍花枝塊,,,加工調理食品及其他類,180.0,11.3,7.5,17.0,508.0
R6300501,冷凍旗魚塊,,,加工調理食品及其他類,178.0,15.3,6.5,14.7,423.0
R6400101,冷凍蚵捲,,,加工調理食品及其他類,213.0,6.9,17.5,7.0,463.0
R6400201,冷凍魚捲,,,加工調理食品及其他類,126.0,13.8,0.3,17.1,401.0
R6400301,冷凍蝦捲,,,加工調理食品及其他類,156.0,10.3,5.7,16.0,667.0
R6500101,冷凍魷魚圈,,Squid ring,加工調理食品及其他類,143.0,15.7,0.4,19.2,443.0
R6600101,冷凍花枝餃,,,加工調理食品及其他類,177.0,12.4,5.6,19.2,723.0
R6600201,冷凍香菇餃,,,加工調理食品及其他類,233.0,12.3,15.3,11.5,673.0
R6600301,冷凍蛋餃,,,加工調理食品及其他類,183.0,12.1,14.1,2.1,472.0
R6600401,冷凍雪螺餃,,,加工調理食品及其他類,204.0,11.6,10.0,16.7,788.0
R6600501,冷凍魚餃,,,加工調理食品及其他類,277.0,12.5,19.5,12.9,663.0
R6600601,冷凍蝦餃,,,加工調理食品及其他類,273.0,11.4,19.3,13.5,622.0
R6600701,冷凍燕餃,,,加工調理食品及其他類,321.0,12.8,23.6,14.5,604.0
R6700101,冷凍蟹味棒,蟹肉棒,,加工調理食品及其他類,118.0,9.3,0.7,18.6,694.0
R6700201,冷凍魚卵卷,,Fish roe roll,加工調理食品及其他類,115.0,12.9,0.2,15.5,830.0
R6700301,魚板,,,加工調理食品及其他類,128.0,10.0,2.0,17.6,863.0
R6700401,天婦羅,甜不辣,Tempura,加工調理食品及其他類,176.0,12.4,4.7,21.0,684.0
R6700501,冷凍花枝漿,,,加工調理食品及其他類,227.0,11.2,12.6,17.1,637.0
R6700601,冷凍花枝羹,,Cuttlefish potage,加工調理食品及其他類,126.0,11.4,4.7,9.4,448.0
R6800101,魚肉脯,,Stir fried shredded fish floss,加工調理食品及其他類,104.0,21.9,1.7,0.2,1482.0
R6800201,鯖魚肉脯,,Stir fried mackerel fish floss,加工調理食品及其他類,685.0,33.8,60.4,1.5,563.0
R6800301,魚肉鬆,魚肉酥,Stir fried fish floss,加工調理食品及其他類,470.0,28.2,20.2,43.8,1761.0
R6800401,旗魚鬆,,Stir fried marlin fish floss,加工調理食品及其他類,481.0,31.3,22.9,37.4,1679.0
R6800501,鮭魚鬆,,Stir fried salmon fish floss,加工調理食品及其他類,452.0,29.0,21.6,35.3,1500.0
R6900101,香筍鮪魚罐頭,,,加工調理食品及其他類,261.0,10.0,24.1,0.9,588.0
R6900201,茄汁鯖魚罐頭,,,加工調理食品及其他類,116.0,17.6,3.8,2.8,357.0
R7100101,蒜味甘扁桃仁,蒜味杏仁果,Garlic Almonds,加工調理食品及其他類,648.0,23.3,53.6,18.0,203.0
R7100201,杏仁霜,"杏仁粉,杏仁茶",Apricot Kernel powder,加工調理食品及其他類,554.0,9.7,36.4,47.1,172.0
R7100301,蜜汁松子仁,,Pine-seed: honey roasted,加工調理食品及其他類,697.0,14.9,62.4,19.0,2.0
R7100401,鹽酥夏威夷豆,夏威夷火山豆,Hawaii nut; Macadamia nut,加工調理食品及其他類,773.0,9.4,76.3,12.0,80.0
R7100501,甜核桃,,Walnut,加工調理食品及其他類,723.0,14.4,67.4,14.7,28.0
R7100601,糖炒栗子,,Chestnut: parch w/ sugar; Marron glace,加工調理食品及其他類,209.0,4.2,0.8,46.3,2.0
R7100701,蜜汁腰果,,Cashew nuts: honey roasted,加工調理食品及其他類,600.0,17.6,43.6,34.3,12.0
R7100801,玉桂西瓜子,,"Watermelon seeds: spiced, cooked",加工調理食品及其他類,529.0,31.1,34.4,23.8,854.0
R7100901,醬油西瓜子,,Watermelon seed: soysauce seasoned,加工調理食品及其他類,547.0,29.5,37.7,22.5,685.0
R7101001,鹽酥帶殼花生(熟),"土豆,長生果,落花生",Peanut with shell,加工調理食品及其他類,568.0,28.2,38.1,28.1,319.0
R7101101,醃漬花生仁,"土豆,長生果,落花生",Peanut: pickled,加工調理食品及其他類,288.0,10.6,26.0,2.9,
R7101201,糖漬花生仁,"土豆,長生果,落花生",Peanut,加工調理食品及其他類,382.0,14.2,23.3,28.8,37.0
R7101301,油炸花生仁,"土豆,長生果,落花生",Peanut: fried,加工調理食品及其他類,623.0,28.9,48.4,18.0,430.0
R7101401,蛋酥花生仁,"土豆,長生果,落花生",Peanut,加工調理食品及其他類,606.0,21.1,43.8,31.8,45.0
R7101501,鹽酥花生仁,"土豆,長生果,落花生",Peanut:salted,加工調理食品及其他類,557.0,28.8,35.9,29.6,454.0
R7101601,調味南瓜子(去殼),白瓜子,"Pumpkin seeds: spiced, cooked",加工調理食品及其他類,607.0,30.4,47.9,13.5,183.0
R7101602,調味南瓜子(帶殼),白瓜子,"Pumpkin seeds: spiced, cooked",加工調理食品及其他類,607.0,25.9,47.2,19.5,395.0
R7101701,甘草葵瓜子(帶殼),,"Sunflower seeds: spiced, cooked",加工調理食品及其他類,564.0,26.8,39.3,25.8,637.0
R7101801,鹽酥葵瓜子(帶殼),,Salted sunflower seed,加工調理食品及其他類,619.0,25.9,49.3,17.8,668.0
R7101901,糖漬蓮子,,Lotus nut; Lotus seed,加工調理食品及其他類,230.0,5.7,0.1,51.4,11.0
R7300101,烤雞,手扒雞,"Chicken: roasted, whole",加工調理食品及其他類,233.0,22.8,14.2,3.6,195.0
R7300201,冷凍烤雞翅,,"Chicken: wing, frozen, roasted",加工調理食品及其他類,217.0,18.8,14.2,3.6,509.0
R7300301,鴨賞,,Duck: smoked,加工調理食品及其他類,304.0,31.1,17.6,5.3,2853.0
R7300401,茶鵝,,,加工調理食品及其他類,352.0,15.6,32.6,0.0,377.0
R7300501,熟鵝腿肉,,"Goose: whole legs, cooked",加工調理食品及其他類,285.0,18.5,23.6,0.0,43.0
R7500101,鯊魚煙,,,加工調理食品及其他類,68.0,22.3,0.4,0.0,258.0
R7500201,日本鰻鱺魚片(蒲燒),"白鰻,日本鰻,正鰻,白鱔,鰻鱺,土鰻(澎湖),淡水鰻(澎湖)",Japanese eel; Freshwater eel; Eel,加工調理食品及其他類,272.0,25.0,18.7,0.9,421.0
R7500301,鹽漬小鱗脂眼鯡(鹹馧仔),"臭肉鰮,鰮仔,圓眼仔,鰮魚,鰮仔魚,圓仔魚(幼魚),脂眼鯡,臭肉,臭肉魚/肉鰮(澎湖)",Round herring,加工調理食品及其他類,224.0,17.4,17.0,0.3,1511.0
R7500401,鯖魚(醃製),鹹鯖魚,Mackerel,加工調理食品及其他類,281.0,14.9,24.0,1.3,889.0
R7500402,鯖魚(醃製)(2022年取樣),鹹鯖魚,"Mackerel, salted",加工調理食品及其他類,296.0,17.0,21.0,9.8,245.0
R7500501,毛鱗魚(柳葉魚)(裹粉未炸),柳葉魚,,加工調理食品及其他類,171.0,12.9,4.9,19.0,493.0
R7500601,油魚卵(加工),油魚子,Escolar roe,加工調理食品及其他類,416.0,46.6,27.3,0.0,688.0
R7500701,圓鱈魚卵(加工),,Toothfish roe,加工調理食品及其他類,84.0,11.2,4.4,0.0,1677.0
R7500801,鯔魚卵(加工),"烏魚卵,烏魚子",Mullet roe,加工調理食品及其他類,297.0,36.6,8.5,18.7,1194.0
R7500802,鯔魚卵(加工)(2022年取樣),"烏魚卵,烏魚子",Mullet roe,加工調理食品及其他類,431.0,38.9,28.7,4.4,867.0
R7500901,醃漬鮭魚卵,,,加工調理食品及其他類,218.0,24.9,10.2,6.7,687.0
R7501001,香魚片,,Dried sweetfish,加工調理食品及其他類,307.0,36.1,0.7,39.1,1239.0
R7501101,龍蝦卵(調味),,Lobster egg,加工調理食品及其他類,64.0,6.7,1.8,5.2,2868.0
R7501201,蠑螺(加工),,Turban shell,加工調理食品及其他類,105.0,14.8,0.2,11.0,1035.0
R7501301,鹹小卷,"鹹鎖管,鹽漬小卷",Loligo; Neritic squid,加工調理食品及其他類,100.0,20.1,1.3,1.9,4254.0
R8100101,沖泡濃湯(海鮮),,,加工調理食品及其他類,355.0,11.2,6.9,62.0,6118.0
R8100201,玉米濃湯調理包,,,加工調理食品及其他類,369.0,4.4,5.9,74.7,4171.0
R8100301,麥片沖泡包(三合一),,,加工調理食品及其他類,409.0,11.0,7.5,74.3,313.0
R8100401,三合一麥片(野菜蘑菇),,,加工調理食品及其他類,399.0,6.8,9.0,72.7,1050.0
R8100501,糙米麩,,,加工調理食品及其他類,387.0,7.8,3.3,81.4,7.0
R8100601,麵茶粉,,Seasoned millet mush,加工調理食品及其他類,423.0,7.2,7.0,82.9,51.0
R8100701,植物燕麥奶粉(營養強化),,,加工調理食品及其他類,437.0,12.0,13.2,67.5,125.0
R8100801,杏仁茶沖泡包,綜合堅果穀粉,,加工調理食品及其他類,399.0,3.5,5.2,84.7,93.0
R8100901,芝麻糊沖泡包,,Seasame paste,加工調理食品及其他類,458.0,9.3,15.4,70.7,78.0
R8101001,綜合堅果穀物沖泡包,,,加工調理食品及其他類,453.0,13.3,15.4,65.4,42.0
R8200101,寒天脆藻,水晶脆藻,,加工調理食品及其他類,11.0,0.0,0.0,2.5,12.0
R9900101,生啤酒,,Draught beer; Draft beer,加工調理食品及其他類,50.0,0.4,0.0,8.2,2.0
R9900102,啤酒,,Beer,加工調理食品及其他類,49.0,,0.0,8.9,3.0
R9900201,陳年紹興酒,,Shaohsiug wine,加工調理食品及其他類,133.0,1.8,0.0,19.1,3.0
R9900301,白葡萄酒,,White grape wine,加工調理食品及其他類,90.0,0.1,0.0,14.2,3.0
R9900302,紅葡萄酒,,Red grape wine,加工調理食品及其他類,93.0,0.1,0.0,14.8,3.0
R9901101,雞精,,,加工調理食品及其他類,34.0,8.6,0.0,0.0,86.0
